Source,Target,Weight,Type
agnipurana_u,devipurana,2,undirected
agnipurana_u,garudapurana_khanda-1_u,24,undirected
agnipurana_u,lingapurana_khanda-2_u,2,undirected
agnipurana_u,naradapurana_khanda-1_u,16,undirected
bhagavatapurana_skandha-01_u,bhagavatapurana_skandha-02_u,6,undirected
bhagavatapurana_skandha-01_u,bhagavatapurana_skandha-03_u,8,undirected
bhagavatapurana_skandha-01_u,bhagavatapurana_skandha-04_u,24,undirected
bhagavatapurana_skandha-01_u,bhagavatapurana_skandha-06_u,1,undirected
bhagavatapurana_skandha-01_u,bhagavatapurana_skandha-10_u,10,undirected
bhagavatapurana_skandha-01_u,bhagavatapurana_skandha-12_u,5,undirected
bhagavatapurana_skandha-02_u,bhagavatapurana_skandha-01_u,6,undirected
bhagavatapurana_skandha-02_u,bhagavatapurana_skandha-03_u,9,undirected
bhagavatapurana_skandha-02_u,bhagavatapurana_skandha-11_u,9,undirected
bhagavatapurana_skandha-03_u,bhagavatapurana_skandha-01_u,8,undirected
bhagavatapurana_skandha-03_u,bhagavatapurana_skandha-02_u,9,undirected
bhagavatapurana_skandha-03_u,bhagavatapurana_skandha-04_u,17,undirected
bhagavatapurana_skandha-03_u,bhagavatapurana_skandha-10_u,7,undirected
bhagavatapurana_skandha-04_u,bhagavatapurana_skandha-01_u,24,undirected
bhagavatapurana_skandha-04_u,bhagavatapurana_skandha-03_u,17,undirected
bhagavatapurana_skandha-04_u,bhagavatapurana_skandha-05_u,10,undirected
bhagavatapurana_skandha-04_u,bhagavatapurana_skandha-08_u,6,undirected
bhagavatapurana_skandha-04_u,bhagavatapurana_skandha-09_u,2,undirected
bhagavatapurana_skandha-04_u,bhagavatapurana_skandha-10_u,15,undirected
bhagavatapurana_skandha-05_u,bhagavatapurana_skandha-04_u,10,undirected
bhagavatapurana_skandha-05_u,bhagavatapurana_skandha-06_u,6,undirected
bhagavatapurana_skandha-05_u,bhagavatapurana_skandha-10_adhyaya-29-33_w_commentary,1,undirected
bhagavatapurana_skandha-05_u,bhagavatapurana_skandha-12_u,14,undirected
bhagavatapurana_skandha-05_u,pranavakalpa,2,undirected
bhagavatapurana_skandha-06_u,bhagavatapurana_skandha-01_u,1,undirected
bhagavatapurana_skandha-06_u,bhagavatapurana_skandha-05_u,6,undirected
bhagavatapurana_skandha-06_u,bhagavatapurana_skandha-07_u,23,undirected
bhagavatapurana_skandha-06_u,bhagavatapurana_skandha-08_u,7,undirected
bhagavatapurana_skandha-06_u,bhagavatapurana_skandha-10_u,6,undirected
bhagavatapurana_skandha-06_u,bhagavatapurana_skandha-11_u,11,undirected
bhagavatapurana_skandha-07_u,bhagavatapurana_skandha-06_u,23,undirected
bhagavatapurana_skandha-07_u,bhagavatapurana_skandha-08_u,3,undirected
bhagavatapurana_skandha-07_u,bhagavatapurana_skandha-10_u,11,undirected
bhagavatapurana_skandha-07_u,bhagavatapurana_skandha-11_u,15,undirected
bhagavatapurana_skandha-08_u,bhagavatapurana_skandha-04_u,6,undirected
bhagavatapurana_skandha-08_u,bhagavatapurana_skandha-06_u,7,undirected
bhagavatapurana_skandha-08_u,bhagavatapurana_skandha-07_u,3,undirected
bhagavatapurana_skandha-08_u,bhagavatapurana_skandha-09_u,7,undirected
bhagavatapurana_skandha-08_u,bhagavatapurana_skandha-10_u,24,undirected
bhagavatapurana_skandha-09_u,bhagavatapurana_skandha-04_u,2,undirected
bhagavatapurana_skandha-09_u,bhagavatapurana_skandha-08_u,7,undirected
bhagavatapurana_skandha-09_u,bhagavatapurana_skandha-10_u,12,undirected
bhagavatapurana_skandha-09_u,bhagavatapurana_skandha-12_u,15,undirected
bhagavatapurana_skandha-09_u,visnupurana_amsa-4_u,1,undirected
bhagavatapurana_skandha-10_adhyaya-29-33_w_commentary,bhagavatapurana_skandha-05_u,1,undirected
bhagavatapurana_skandha-10_adhyaya-29-33_w_commentary,pranavakalpa,16,undirected
bhagavatapurana_skandha-10_adhyaya-29-33_w_commentary,sivapurana_vayaviyasamhita_au,3,undirected
bhagavatapurana_skandha-10_adhyaya-29-33_w_commentary,skandamahapurana_kasikhanda,10,undirected
bhagavatapurana_skandha-10_u,bhagavatapurana_skandha-01_u,10,undirected
bhagavatapurana_skandha-10_u,bhagavatapurana_skandha-03_u,7,undirected
bhagavatapurana_skandha-10_u,bhagavatapurana_skandha-04_u,15,undirected
bhagavatapurana_skandha-10_u,bhagavatapurana_skandha-06_u,6,undirected
bhagavatapurana_skandha-10_u,bhagavatapurana_skandha-07_u,11,undirected
bhagavatapurana_skandha-10_u,bhagavatapurana_skandha-08_u,24,undirected
bhagavatapurana_skandha-10_u,bhagavatapurana_skandha-09_u,12,undirected
bhagavatapurana_skandha-10_u,bhagavatapurana_skandha-11_u,4,undirected
bhagavatapurana_skandha-10_u,bhagavatapurana_skandha-12_u,1,undirected
bhagavatapurana_skandha-11_u,bhagavatapurana_skandha-02_u,9,undirected
bhagavatapurana_skandha-11_u,bhagavatapurana_skandha-06_u,11,undirected
bhagavatapurana_skandha-11_u,bhagavatapurana_skandha-07_u,15,undirected
bhagavatapurana_skandha-11_u,bhagavatapurana_skandha-10_u,4,undirected
bhagavatapurana_skandha-12_u,bhagavatapurana_skandha-01_u,5,undirected
bhagavatapurana_skandha-12_u,bhagavatapurana_skandha-05_u,14,undirected
bhagavatapurana_skandha-12_u,bhagavatapurana_skandha-09_u,15,undirected
bhagavatapurana_skandha-12_u,bhagavatapurana_skandha-10_u,1,undirected
bhavisyapurana,brahmandapurana_khanda-2_u,2,undirected
bhavisyapurana,brahmandapurana,1,undirected
bhavisyapurana,devibhagavatapurana,8,undirected
bhavisyapurana,devipurana,12,undirected
bhavisyapurana,garudapurana_khanda-2_u,14,undirected
bhavisyapurana,garudapurana_khanda-3_u,2,undirected
bhavisyapurana,kalikapurana,7,undirected
bhavisyapurana,lingapurana_khanda-2_u,5,undirected
bhavisyapurana,matsyapurana_pu,10,undirected
bhavisyapurana,naradapurana_khanda-1_u,2,undirected
bhavisyapurana,naradapurana_khanda-2_u,2,undirected
bhavisyapurana,nilamatapurana_au,2,undirected
bhavisyapurana,saurapurana,14,undirected
bhavisyapurana,sivapurana_dharmasamhita,3,undirected
bhavisyapurana,sivapurana_umasamhita,19,undirected
bhavisyapurana,sivapurana_vayaviyasamhita_au,10,undirected
bhavisyapurana,sivapurana_vidyesvarasamhita_au,2,undirected
bhavisyapurana,skandamahapurana_kasikhanda,7,undirected
bhavisyapurana,skandamahapurana_revakhanda,5,undirected
bhavisyapurana,vayupurana_10_gaya-mahatmya_iast,9,undirected
bhavisyapurana,vayupurana_revakhanda,8,undirected
bhavisyapurana,visnupurana_amsa-3_u,2,undirected
brahmandapurana_khanda-1_u,kirfel_ppl_textgruppe_Ia_col1,4,undirected
brahmandapurana_khanda-1_u,kirfel_ppl_textgruppe_IIB_col1,5,undirected
brahmandapurana_khanda-1_u,vayu_ba,19,undirected
brahmandapurana_khanda-1_u,vayupurana_01_frame-and-cosmogony_iast,12,undirected
brahmandapurana_khanda-1_u,vayupurana_04_bhuvana-vinyasa_iast,1,undirected
brahmandapurana_khanda-1_u,vayupurana_05_jyotis-and-purvardha-close_iast,20,undirected
brahmandapurana_khanda-1_u,vayupurana_06_prthu-and-prajapati-lineages_iast,4,undirected
brahmandapurana_khanda-1_u,vayupurana_07_shraddha-kalpa_iast,4,undirected
brahmandapurana_khanda-1_u,vayupurana_09_upasamhara_iast,12,undirected
brahmandapurana_khanda-1_u,vayupurana,10,undirected
brahmandapurana_khanda-2_u,bhavisyapurana,2,undirected
brahmandapurana_khanda-2_u,brahmandapurana,24,undirected
brahmandapurana_khanda-2_u,kirfel_ppl_textgruppe_I_col1,2,undirected
brahmandapurana_khanda-2_u,kirfel_ppl_textgruppe_II_col1,1,undirected
brahmandapurana_khanda-2_u,kirfel_ppl_ungrouped_col1,4,undirected
brahmandapurana_khanda-2_u,kurmapurana_khanda-1_u,4,undirected
brahmandapurana_khanda-2_u,lingapurana_khanda-1_u,4,undirected
brahmandapurana_khanda-2_u,matsyapurana_pu,12,undirected
brahmandapurana_khanda-2_u,sivapurana_umasamhita,4,undirected
brahmandapurana_khanda-2_u,vamanapurana_u,2,undirected
brahmandapurana_khanda-2_u,vayupurana_03_kalpas-and-shiva-lineages_iast,5,undirected
brahmandapurana_khanda-2_u,vayupurana_08_manu-candra-vishnu-vamsha_iast,8,undirected
brahmandapurana_khanda-2_u,vayupurana,8,undirected
brahmandapurana_khanda-3_u,brahmandapurana,12,undirected
brahmandapurana_khanda-3_u,devipurana,5,undirected
brahmandapurana_khanda-3_u,karatoyamahatmya_pu,11,undirected
brahmandapurana_khanda-3_u,kurmapurana_khanda-1_u,2,undirected
brahmandapurana_khanda-3_u,naradapurana_khanda-1_u,7,undirected
brahmandapurana_khanda-3_u,sivapurana_umasamhita,2,undirected
brahmandapurana,bhavisyapurana,1,undirected
brahmandapurana,brahmandapurana_khanda-2_u,24,undirected
brahmandapurana,brahmandapurana_khanda-3_u,12,undirected
brahmandapurana,garudapurana_khanda-3_u,8,undirected
brahmandapurana,kirfel_ppl_textgruppe_II_col1,3,undirected
brahmandapurana,kurmapurana_khanda-1_u,11,undirected
brahmandapurana,lingapurana_khanda-1_u,15,undirected
brahmandapurana,matsyapurana_pu,1,undirected
brahmandapurana,nilamatapurana_au,1,undirected
brahmandapurana,sivapurana_umasamhita,10,undirected
brahmandapurana,vayu_ba,2,undirected
brahmandapurana,vayupurana_03_kalpas-and-shiva-lineages_iast,6,undirected
brahmandapurana,vayupurana_04_bhuvana-vinyasa_iast,3,undirected
brahmandapurana,vayupurana,15,undirected
brahmapurana_pu,devibhagavatapurana,4,undirected
brahmapurana_pu,harivamsa_appendix-29-30_mathura,5,undirected
brahmapurana_pu,kalikapurana,17,undirected
brahmapurana_pu,mahabharata_07-appendix-08_sodasarajika,10,undirected
brahmapurana_pu,mahabharata_12-appendix-29_moksadharma,1,undirected
brahmapurana_pu,mahabharata_13-appendix-15_umamahesvara,1,undirected
brahmapurana_pu,markandeyapurana_adhyaya-1-80_u,3,undirected
brahmapurana_pu,matsyapurana_pu,24,undirected
brahmapurana_pu,nilamatapurana_au,8,undirected
brahmapurana_pu,nrsimhapurana_pu,10,undirected
brahmapurana_pu,skandamahapurana_revakhanda,5,undirected
brahmapurana_pu,skandapurana_adhyaya-1-31_pu,7,undirected
brahmapurana_pu,vamanapurana_saromahatmya_u,8,undirected
brahmapurana_pu,vamanapurana_u,8,undirected
brahmapurana_pu,visnudharma_pu,10,undirected
brahmapurana_pu,visnupurana_amsa-1_u,4,undirected
devibhagavatapurana_devigita_adhyaya-31-40,devibhagavatapurana,11,undirected
devibhagavatapurana_devigita_adhyaya-31-40,kalikapurana,4,undirected
devibhagavatapurana_devigita_adhyaya-31-40,saurapurana,7,undirected
devibhagavatapurana_devigita_adhyaya-31-40,skandamahapurana_kasikhanda,2,undirected
devibhagavatapurana,bhavisyapurana,8,undirected
devibhagavatapurana,brahmapurana_pu,4,undirected
devibhagavatapurana,devibhagavatapurana_devigita_adhyaya-31-40,11,undirected
devibhagavatapurana,kalikapurana,3,undirected
devibhagavatapurana,markandeyapurana_adhyaya-1-80_u,1,undirected
devibhagavatapurana,markandeyapurana_adhyaya-81-93_devimahatmya_u,3,undirected
devibhagavatapurana,naradapurana_khanda-2_u,10,undirected
devibhagavatapurana,nrsimhapurana_pu,19,undirected
devibhagavatapurana,padmapurana_a,3,undirected
devibhagavatapurana,saurapurana,3,undirected
devibhagavatapurana,sivapurana_rudrasamhita,5,undirected
devibhagavatapurana,visnudharmottarapurana_khanda-3_adhyaya-343-353_pu,1,undirected
devipurana,agnipurana_u,2,undirected
devipurana,bhavisyapurana,12,undirected
devipurana,brahmandapurana_khanda-3_u,5,undirected
devipurana,garudapurana_khanda-1_u,1,undirected
devipurana,naradapurana_khanda-1_u,8,undirected
garudapurana_khanda-1_u,agnipurana_u,24,undirected
garudapurana_khanda-1_u,devipurana,1,undirected
garudapurana_khanda-1_u,lingapurana_khanda-2_u,3,undirected
garudapurana_khanda-1_u,naradapurana_khanda-1_u,17,undirected
garudapurana_khanda-1_u,pranavakalpa,2,undirected
garudapurana_khanda-2_u,bhavisyapurana,14,undirected
garudapurana_khanda-2_u,garudapurana_khanda-3_u,9,undirected
garudapurana_khanda-2_u,kurmapurana_khanda-2_u,1,undirected
garudapurana_khanda-2_u,mahabharata_13-appendix-15_umamahesvara,11,undirected
garudapurana_khanda-2_u,mahabharata_14-appendix-04_vaisnavadharma,3,undirected
garudapurana_khanda-2_u,matsyapurana_pu,3,undirected
garudapurana_khanda-2_u,naradapurana_khanda-2_u,7,undirected
garudapurana_khanda-2_u,sivapurana_umasamhita,7,undirected
garudapurana_khanda-2_u,vayupurana_10_gaya-mahatmya_iast,2,undirected
garudapurana_khanda-2_u,vayupurana_revakhanda,1,undirected
garudapurana_khanda-2_u,visnupurana_amsa-3_u,8,undirected
garudapurana_khanda-2_u,visnupurana_u,1,undirected
garudapurana_khanda-3_u,bhavisyapurana,2,undirected
garudapurana_khanda-3_u,brahmandapurana,8,undirected
garudapurana_khanda-3_u,garudapurana_khanda-2_u,9,undirected
garudapurana_khanda-3_u,lingapurana_khanda-1_u,4,undirected
garudapurana_khanda-3_u,sivapurana_umasamhita,1,undirected
harivamsa_appendix-29-30_mathura,brahmapurana_pu,5,undirected
harivamsa_appendix-29-30_mathura,harivamsa_appendix-31,12,undirected
harivamsa_appendix-29-30_mathura,harivamsa_appendix-41,3,undirected
harivamsa_appendix-29-30_mathura,harivamsa,15,undirected
harivamsa_appendix-29-30_mathura,mahabharata_01-adiparvan,4,undirected
harivamsa_appendix-29-30_mathura,mahabharata_02-appendix-21_sisupala,4,undirected
harivamsa_appendix-29-30_mathura,mahabharata_03-aranyakaparvan,3,undirected
harivamsa_appendix-29-30_mathura,mahabharata_12-appendix-29_moksadharma,1,undirected
harivamsa_appendix-29-30_mathura,skandapurana_adhyaya-1-31_pu,5,undirected
harivamsa_appendix-29-30_mathura,vamanapurana_u,6,undirected
harivamsa_appendix-31,harivamsa_appendix-29-30_mathura,12,undirected
harivamsa_appendix-31,harivamsa,3,undirected
harivamsa_appendix-31,mahabharata_03-aranyakaparvan,3,undirected
harivamsa_appendix-31,matsyapurana_pu,2,undirected
harivamsa_appendix-31,nrsimhapurana_pu,2,undirected
harivamsa_appendix-31,skandapurana,2,undirected
harivamsa_appendix-41,harivamsa_appendix-29-30_mathura,3,undirected
harivamsa_appendix-41,harivamsa_appendix-42_pradurbhava,24,undirected
harivamsa_appendix-41,harivamsa,3,undirected
harivamsa_appendix-41,mahabharata_02-appendix-21_sisupala,2,undirected
harivamsa_appendix-41,mahabharata_06-bhismaparvan,4,undirected
harivamsa_appendix-42_pradurbhava,harivamsa_appendix-41,24,undirected
harivamsa_appendix-42_pradurbhava,mahabharata_02-appendix-21_sisupala,12,undirected
harivamsa_appendix-42_pradurbhava,mahabharata_06-bhismaparvan,8,undirected
harivamsa_appendix-42_pradurbhava,mahabharata_07-dronaparvan,1,undirected
harivamsa_appendix-42_pradurbhava,mahabharata_09-salyaparvan,1,undirected
harivamsa,harivamsa_appendix-29-30_mathura,15,undirected
harivamsa,harivamsa_appendix-31,3,undirected
harivamsa,harivamsa_appendix-41,3,undirected
harivamsa,mahabharata_01-adiparvan,7,undirected
harivamsa,mahabharata_02-appendix-21_sisupala,10,undirected
harivamsa,mahabharata_03-aranyakaparvan,11,undirected
harivamsa,mahabharata_07-appendix-08_sodasarajika,8,undirected
harivamsa,mahabharata_10-sauptikaparvan,1,undirected
harivamsa,mahabharata_16-mausalaparvan,1,undirected
harivamsa,ramayana_01-balakanda,6,undirected
harivamsa,ramayana_06-yuddhakanda,4,undirected
harivamsa,ramayana_07-uttarakanda,6,undirected
harivamsa,skandapurana,13,undirected
kalikapurana,bhavisyapurana,7,undirected
kalikapurana,brahmapurana_pu,17,undirected
kalikapurana,devibhagavatapurana_devigita_adhyaya-31-40,4,undirected
kalikapurana,devibhagavatapurana,3,undirected
kalikapurana,matsyapurana_pu,2,undirected
karatoyamahatmya_pu,brahmandapurana_khanda-3_u,11,undirected
karatoyamahatmya_pu,kurmapurana_khanda-2_u,2,undirected
karatoyamahatmya_pu,naradapurana_khanda-1_u,2,undirected
karatoyamahatmya_pu,saurapurana,5,undirected
karatoyamahatmya_pu,skandamahapurana_kasikhanda,4,undirected
kirfel_ppl_textgruppe_I_col1,brahmandapurana_khanda-2_u,2,undirected
kirfel_ppl_textgruppe_I_col1,kirfel_ppl_textgruppe_II_col1,12,undirected
kirfel_ppl_textgruppe_I_col1,kirfel_ppl_ungrouped_col1,20,undirected
kirfel_ppl_textgruppe_I_col1,vayu_ba,1,undirected
kirfel_ppl_textgruppe_I_col1,vayupurana_08_manu-candra-vishnu-vamsha_iast,24,undirected
kirfel_ppl_textgruppe_I_col1,vayupurana,1,undirected
kirfel_ppl_textgruppe_Ia_col1,brahmandapurana_khanda-1_u,4,undirected
kirfel_ppl_textgruppe_Ia_col1,vayu_ba,12,undirected
kirfel_ppl_textgruppe_Ia_col1,vayupurana_06_prthu-and-prajapati-lineages_iast,8,undirected
kirfel_ppl_textgruppe_II_col1,brahmandapurana_khanda-2_u,1,undirected
kirfel_ppl_textgruppe_II_col1,brahmandapurana,3,undirected
kirfel_ppl_textgruppe_II_col1,kirfel_ppl_textgruppe_I_col1,12,undirected
kirfel_ppl_textgruppe_II_col1,kirfel_ppl_textgruppe_IIA_col1,7,undirected
kirfel_ppl_textgruppe_II_col1,kirfel_ppl_textgruppe_III_col1,8,undirected
kirfel_ppl_textgruppe_II_col1,matsyapurana_pu,8,undirected
kirfel_ppl_textgruppe_IIA_col1,kirfel_ppl_textgruppe_II_col1,7,undirected
kirfel_ppl_textgruppe_IIA_col1,kirfel_ppl_textgruppe_III_col1,24,undirected
kirfel_ppl_textgruppe_IIA_col1,matsyapurana_pu,4,undirected
kirfel_ppl_textgruppe_IIA_col1,visnupurana_amsa-1_u,1,undirected
kirfel_ppl_textgruppe_IIB_col1,brahmandapurana_khanda-1_u,5,undirected
kirfel_ppl_textgruppe_IIB_col1,vayu_ba,9,undirected
kirfel_ppl_textgruppe_IIB_col1,vayupurana_01_frame-and-cosmogony_iast,10,undirected
kirfel_ppl_textgruppe_III_col1,kirfel_ppl_textgruppe_II_col1,8,undirected
kirfel_ppl_textgruppe_III_col1,kirfel_ppl_textgruppe_IIA_col1,24,undirected
kirfel_ppl_textgruppe_III_col1,matsyapurana_pu,4,undirected
kirfel_ppl_ungrouped_col1,brahmandapurana_khanda-2_u,4,undirected
kirfel_ppl_ungrouped_col1,kirfel_ppl_textgruppe_I_col1,20,undirected
kirfel_ppl_ungrouped_col1,vayupurana_08_manu-candra-vishnu-vamsha_iast,10,undirected
kurmapurana_khanda-1_u,brahmandapurana_khanda-2_u,4,undirected
kurmapurana_khanda-1_u,brahmandapurana_khanda-3_u,2,undirected
kurmapurana_khanda-1_u,brahmandapurana,11,undirected
kurmapurana_khanda-1_u,kurmapurana_khanda-2_u,8,undirected
kurmapurana_khanda-1_u,lingapurana_khanda-1_u,7,undirected
kurmapurana_khanda-1_u,saurapurana,2,undirected
kurmapurana_khanda-1_u,sivapurana_dharmasamhita,5,undirected
kurmapurana_khanda-1_u,sivapurana_sanatkumarasamhita,4,undirected
kurmapurana_khanda-1_u,skandamahapurana_himavatkhanda,2,undirected
kurmapurana_khanda-1_u,vamanapurana_saromahatmya_u,2,undirected
kurmapurana_khanda-1_u,visnudharmottarapurana_khanda-3_adhyaya-343-353_pu,2,undirected
kurmapurana_khanda-2_u,garudapurana_khanda-2_u,1,undirected
kurmapurana_khanda-2_u,karatoyamahatmya_pu,2,undirected
kurmapurana_khanda-2_u,kurmapurana_khanda-1_u,8,undirected
kurmapurana_khanda-2_u,naradapurana_khanda-1_u,10,undirected
kurmapurana_khanda-2_u,sivapurana_vayaviyasamhita_au,2,undirected
kurmapurana_khanda-2_u,sivapurana_vidyesvarasamhita_au,5,undirected
kurmapurana_khanda-2_u,skandamahapurana_sutasamhita_khanda-4,7,undirected
kurmapurana_khanda-2_u,skandapurana_pasupata_adhyaya174-183_u,8,undirected
lingapurana_khanda-1_u,brahmandapurana_khanda-2_u,4,undirected
lingapurana_khanda-1_u,brahmandapurana,15,undirected
lingapurana_khanda-1_u,garudapurana_khanda-3_u,4,undirected
lingapurana_khanda-1_u,kurmapurana_khanda-1_u,7,undirected
lingapurana_khanda-1_u,lingapurana_khanda-2_u,12,undirected
lingapurana_khanda-1_u,skandamahapurana_himavatkhanda,1,undirected
lingapurana_khanda-1_u,vayupurana_03_kalpas-and-shiva-lineages_iast,1,undirected
lingapurana_khanda-1_u,vayupurana,8,undirected
lingapurana_khanda-2_u,agnipurana_u,2,undirected
lingapurana_khanda-2_u,bhavisyapurana,5,undirected
lingapurana_khanda-2_u,garudapurana_khanda-1_u,3,undirected
lingapurana_khanda-2_u,lingapurana_khanda-1_u,12,undirected
lingapurana_khanda-2_u,naradapurana_khanda-1_u,6,undirected
lingapurana_khanda-2_u,sivapurana_vayaviyasamhita_au,5,undirected
lingapurana_khanda-2_u,sivapurana_vidyesvarasamhita_au,7,undirected
lingapurana_khanda-2_u,skandamahapurana_sutasamhita_khanda-4,3,undirected
mahabharata_01-adiparvan,harivamsa_appendix-29-30_mathura,4,undirected
mahabharata_01-adiparvan,harivamsa,7,undirected
mahabharata_01-adiparvan,mahabharata_02-sabhaparvan,6,undirected
mahabharata_01-adiparvan,mahabharata_03-aranyakaparvan,24,undirected
mahabharata_01-adiparvan,mahabharata_07-appendix-08_sodasarajika,2,undirected
mahabharata_01-adiparvan,mahabharata_10-sauptikaparvan,1,undirected
mahabharata_01-adiparvan,mahabharata_14-asvamedhikaparvan,20,undirected
mahabharata_01-adiparvan,mahabharata_15-asramavasikaparvan,8,undirected
mahabharata_01-adiparvan,skandapurana,5,undirected
mahabharata_02-appendix-21_sisupala,harivamsa_appendix-29-30_mathura,4,undirected
mahabharata_02-appendix-21_sisupala,harivamsa_appendix-41,2,undirected
mahabharata_02-appendix-21_sisupala,harivamsa_appendix-42_pradurbhava,12,undirected
mahabharata_02-appendix-21_sisupala,harivamsa,10,undirected
mahabharata_02-sabhaparvan,mahabharata_01-adiparvan,6,undirected
mahabharata_02-sabhaparvan,mahabharata_03-aranyakaparvan,9,undirected
mahabharata_02-sabhaparvan,mahabharata_04-virataparvan,4,undirected
mahabharata_02-sabhaparvan,mahabharata_05-udyogaparvan,24,undirected
mahabharata_02-sabhaparvan,mahabharata_10-sauptikaparvan,1,undirected
mahabharata_02-sabhaparvan,mahabharata_12-santiparvan,2,undirected
mahabharata_02-sabhaparvan,mahabharata_13-anusasanaparvan,5,undirected
mahabharata_02-sabhaparvan,mahabharata_14-asvamedhikaparvan,2,undirected
mahabharata_02-sabhaparvan,mahabharata_17-mahaprasthanikaparvan,4,undirected
mahabharata_02-sabhaparvan,mahabharata_18-svargarohanaparvan,10,undirected
mahabharata_03-aranyakaparvan,harivamsa_appendix-29-30_mathura,3,undirected
mahabharata_03-aranyakaparvan,harivamsa_appendix-31,3,undirected
mahabharata_03-aranyakaparvan,harivamsa,11,undirected
mahabharata_03-aranyakaparvan,mahabharata_01-adiparvan,24,undirected
mahabharata_03-aranyakaparvan,mahabharata_02-sabhaparvan,9,undirected
mahabharata_03-aranyakaparvan,mahabharata_04-virataparvan,18,undirected
mahabharata_03-aranyakaparvan,mahabharata_05-udyogaparvan,5,undirected
mahabharata_03-aranyakaparvan,mahabharata_10-sauptikaparvan,8,undirected
mahabharata_03-aranyakaparvan,mahabharata_11-striparvan,6,undirected
mahabharata_03-aranyakaparvan,mahabharata_14-asvamedhikaparvan,12,undirected
mahabharata_03-aranyakaparvan,ramayana_02-ayodhyakanda_a,5,undirected
mahabharata_03-aranyakaparvan,ramayana_07-uttarakanda,8,undirected
mahabharata_03-aranyakaparvan,skandapurana,3,undirected
mahabharata_04-virataparvan,mahabharata_02-sabhaparvan,4,undirected
mahabharata_04-virataparvan,mahabharata_03-aranyakaparvan,18,undirected
mahabharata_04-virataparvan,mahabharata_05-udyogaparvan,8,undirected
mahabharata_04-virataparvan,mahabharata_11-striparvan,5,undirected
mahabharata_05-udyogaparvan,mahabharata_02-sabhaparvan,24,undirected
mahabharata_05-udyogaparvan,mahabharata_03-aranyakaparvan,5,undirected
mahabharata_05-udyogaparvan,mahabharata_04-virataparvan,8,undirected
mahabharata_05-udyogaparvan,mahabharata_10-sauptikaparvan,3,undirected
mahabharata_05-udyogaparvan,mahabharata_11-striparvan,12,undirected
mahabharata_05-udyogaparvan,mahabharata_12-appendix-29_moksadharma,4,undirected
mahabharata_05-udyogaparvan,mahabharata_12-santiparvan,12,undirected
mahabharata_05-udyogaparvan,mahabharata_13-anusasanaparvan,7,undirected
mahabharata_05-udyogaparvan,mahabharata_14-asvamedhikaparvan,6,undirected
mahabharata_05-udyogaparvan,mahabharata_15-asramavasikaparvan,4,undirected
mahabharata_05-udyogaparvan,mahabharata_18-svargarohanaparvan,10,undirected
mahabharata_06-bhismaparvan,harivamsa_appendix-41,4,undirected
mahabharata_06-bhismaparvan,harivamsa_appendix-42_pradurbhava,8,undirected
mahabharata_06-bhismaparvan,mahabharata_07-dronaparvan,20,undirected
mahabharata_06-bhismaparvan,mahabharata_08-karnaparvan,16,undirected
mahabharata_06-bhismaparvan,mahabharata_09-salyaparvan,15,undirected
mahabharata_06-bhismaparvan,mahabharata_16-mausalaparvan,1,undirected
mahabharata_07-appendix-08_sodasarajika,brahmapurana_pu,10,undirected
mahabharata_07-appendix-08_sodasarajika,harivamsa,8,undirected
mahabharata_07-appendix-08_sodasarajika,mahabharata_01-adiparvan,2,undirected
mahabharata_07-appendix-08_sodasarajika,padmapurana_a,1,undirected
mahabharata_07-appendix-08_sodasarajika,skandapurana,3,undirected
mahabharata_07-dronaparvan,harivamsa_appendix-42_pradurbhava,1,undirected
mahabharata_07-dronaparvan,mahabharata_06-bhismaparvan,20,undirected
mahabharata_07-dronaparvan,mahabharata_08-karnaparvan,24,undirected
mahabharata_07-dronaparvan,mahabharata_09-salyaparvan,7,undirected
mahabharata_07-dronaparvan,mahabharata_16-mausalaparvan,8,undirected
mahabharata_07-dronaparvan,ramayana_06-yuddhakanda,5,undirected
mahabharata_08-karnaparvan,mahabharata_06-bhismaparvan,16,undirected
mahabharata_08-karnaparvan,mahabharata_07-dronaparvan,24,undirected
mahabharata_08-karnaparvan,mahabharata_09-salyaparvan,13,undirected
mahabharata_09-salyaparvan,harivamsa_appendix-42_pradurbhava,1,undirected
mahabharata_09-salyaparvan,mahabharata_06-bhismaparvan,15,undirected
mahabharata_09-salyaparvan,mahabharata_07-dronaparvan,7,undirected
mahabharata_09-salyaparvan,mahabharata_08-karnaparvan,13,undirected
mahabharata_09-salyaparvan,mahabharata_16-mausalaparvan,12,undirected
mahabharata_10-sauptikaparvan,harivamsa,1,undirected
mahabharata_10-sauptikaparvan,mahabharata_01-adiparvan,1,undirected
mahabharata_10-sauptikaparvan,mahabharata_02-sabhaparvan,1,undirected
mahabharata_10-sauptikaparvan,mahabharata_03-aranyakaparvan,8,undirected
mahabharata_10-sauptikaparvan,mahabharata_05-udyogaparvan,3,undirected
mahabharata_10-sauptikaparvan,mahabharata_11-striparvan,8,undirected
mahabharata_10-sauptikaparvan,mahabharata_14-asvamedhikaparvan,3,undirected
mahabharata_10-sauptikaparvan,mahabharata_16-mausalaparvan,1,undirected
mahabharata_11-striparvan,mahabharata_03-aranyakaparvan,6,undirected
mahabharata_11-striparvan,mahabharata_04-virataparvan,5,undirected
mahabharata_11-striparvan,mahabharata_05-udyogaparvan,12,undirected
mahabharata_11-striparvan,mahabharata_10-sauptikaparvan,8,undirected
mahabharata_11-striparvan,mahabharata_17-mahaprasthanikaparvan,7,undirected
mahabharata_12-appendix-29_moksadharma,brahmapurana_pu,1,undirected
mahabharata_12-appendix-29_moksadharma,harivamsa_appendix-29-30_mathura,1,undirected
mahabharata_12-appendix-29_moksadharma,mahabharata_05-udyogaparvan,4,undirected
mahabharata_12-appendix-29_moksadharma,mahabharata_12-santiparvan,12,undirected
mahabharata_12-appendix-29_moksadharma,mahabharata_14-asvamedhikaparvan,4,undirected
mahabharata_12-appendix-29_moksadharma,sivapurana_sanatkumarasamhita,2,undirected
mahabharata_12-santiparvan,mahabharata_02-sabhaparvan,2,undirected
mahabharata_12-santiparvan,mahabharata_05-udyogaparvan,12,undirected
mahabharata_12-santiparvan,mahabharata_12-appendix-29_moksadharma,12,undirected
mahabharata_12-santiparvan,mahabharata_13-anusasanaparvan,24,undirected
mahabharata_12-santiparvan,mahabharata_14-appendix-04_vaisnavadharma,1,undirected
mahabharata_12-santiparvan,mahabharata_14-asvamedhikaparvan,2,undirected
mahabharata_12-santiparvan,visnudharma_pu,4,undirected
mahabharata_13-anusasanaparvan,mahabharata_02-sabhaparvan,5,undirected
mahabharata_13-anusasanaparvan,mahabharata_05-udyogaparvan,7,undirected
mahabharata_13-anusasanaparvan,mahabharata_12-santiparvan,24,undirected
mahabharata_13-anusasanaparvan,mahabharata_14-appendix-04_vaisnavadharma,12,undirected
mahabharata_13-anusasanaparvan,visnudharma_pu,9,undirected
mahabharata_13-appendix-15_umamahesvara,brahmapurana_pu,1,undirected
mahabharata_13-appendix-15_umamahesvara,garudapurana_khanda-2_u,11,undirected
mahabharata_13-appendix-15_umamahesvara,mahabharata_14-appendix-04_vaisnavadharma,1,undirected
mahabharata_13-appendix-15_umamahesvara,matsyapurana_pu,5,undirected
mahabharata_13-appendix-15_umamahesvara,skandapurana_pasupata_adhyaya174-183_u,5,undirected
mahabharata_13-appendix-15_umamahesvara,visnudharma_pu,8,undirected
mahabharata_14-appendix-04_vaisnavadharma,garudapurana_khanda-2_u,3,undirected
mahabharata_14-appendix-04_vaisnavadharma,mahabharata_12-santiparvan,1,undirected
mahabharata_14-appendix-04_vaisnavadharma,mahabharata_13-anusasanaparvan,12,undirected
mahabharata_14-appendix-04_vaisnavadharma,mahabharata_13-appendix-15_umamahesvara,1,undirected
mahabharata_14-appendix-04_vaisnavadharma,matsyapurana_pu,7,undirected
mahabharata_14-asvamedhikaparvan,mahabharata_01-adiparvan,20,undirected
mahabharata_14-asvamedhikaparvan,mahabharata_02-sabhaparvan,2,undirected
mahabharata_14-asvamedhikaparvan,mahabharata_03-aranyakaparvan,12,undirected
mahabharata_14-asvamedhikaparvan,mahabharata_05-udyogaparvan,6,undirected
mahabharata_14-asvamedhikaparvan,mahabharata_10-sauptikaparvan,3,undirected
mahabharata_14-asvamedhikaparvan,mahabharata_12-appendix-29_moksadharma,4,undirected
mahabharata_14-asvamedhikaparvan,mahabharata_12-santiparvan,2,undirected
mahabharata_14-asvamedhikaparvan,mahabharata_15-asramavasikaparvan,14,undirected
mahabharata_14-asvamedhikaparvan,mahabharata_16-mausalaparvan,1,undirected
mahabharata_14-asvamedhikaparvan,mahabharata_17-mahaprasthanikaparvan,5,undirected
mahabharata_14-asvamedhikaparvan,mahabharata_18-svargarohanaparvan,1,undirected
mahabharata_15-asramavasikaparvan,mahabharata_01-adiparvan,8,undirected
mahabharata_15-asramavasikaparvan,mahabharata_05-udyogaparvan,4,undirected
mahabharata_15-asramavasikaparvan,mahabharata_14-asvamedhikaparvan,14,undirected
mahabharata_15-asramavasikaparvan,mahabharata_17-mahaprasthanikaparvan,8,undirected
mahabharata_15-asramavasikaparvan,mahabharata_18-svargarohanaparvan,3,undirected
mahabharata_16-mausalaparvan,harivamsa,1,undirected
mahabharata_16-mausalaparvan,mahabharata_06-bhismaparvan,1,undirected
mahabharata_16-mausalaparvan,mahabharata_07-dronaparvan,8,undirected
mahabharata_16-mausalaparvan,mahabharata_09-salyaparvan,12,undirected
mahabharata_16-mausalaparvan,mahabharata_10-sauptikaparvan,1,undirected
mahabharata_16-mausalaparvan,mahabharata_14-asvamedhikaparvan,1,undirected
mahabharata_17-mahaprasthanikaparvan,mahabharata_02-sabhaparvan,4,undirected
mahabharata_17-mahaprasthanikaparvan,mahabharata_11-striparvan,7,undirected
mahabharata_17-mahaprasthanikaparvan,mahabharata_14-asvamedhikaparvan,5,undirected
mahabharata_17-mahaprasthanikaparvan,mahabharata_15-asramavasikaparvan,8,undirected
mahabharata_18-svargarohanaparvan,mahabharata_02-sabhaparvan,10,undirected
mahabharata_18-svargarohanaparvan,mahabharata_05-udyogaparvan,10,undirected
mahabharata_18-svargarohanaparvan,mahabharata_14-asvamedhikaparvan,1,undirected
mahabharata_18-svargarohanaparvan,mahabharata_15-asramavasikaparvan,3,undirected
markandeyapurana_adhyaya-1-80_u,brahmapurana_pu,3,undirected
markandeyapurana_adhyaya-1-80_u,devibhagavatapurana,1,undirected
markandeyapurana_adhyaya-1-80_u,markandeyapurana_adhyaya-94-141_u,8,undirected
markandeyapurana_adhyaya-1-80_u,markandeyapurana,24,undirected
markandeyapurana_adhyaya-1-80_u,naradapurana_khanda-2_u,2,undirected
markandeyapurana_adhyaya-1-80_u,visnupurana_amsa-2_u,5,undirected
markandeyapurana_adhyaya-1-80_u,visnupurana_amsa-4_u,5,undirected
markandeyapurana_adhyaya-1-80_u,visnupurana_u,12,undirected
markandeyapurana_adhyaya-81-93_devimahatmya_u,devibhagavatapurana,3,undirected
markandeyapurana_adhyaya-81-93_devimahatmya_u,markandeyapurana,11,undirected
markandeyapurana_adhyaya-81-93_devimahatmya_u,skandamahapurana_himavatkhanda,1,undirected
markandeyapurana_adhyaya-81-93_devimahatmya_u,visnupurana_amsa-5_u,8,undirected
markandeyapurana_adhyaya-81-93_devimahatmya_u,visnupurana_u,2,undirected
markandeyapurana_adhyaya-94-141_u,markandeyapurana_adhyaya-1-80_u,8,undirected
markandeyapurana_adhyaya-94-141_u,markandeyapurana,19,undirected
markandeyapurana_adhyaya-94-141_u,visnupurana_amsa-5_u,1,undirected
markandeyapurana_adhyaya-94-141_u,visnupurana_u,3,undirected
markandeyapurana,markandeyapurana_adhyaya-1-80_u,24,undirected
markandeyapurana,markandeyapurana_adhyaya-81-93_devimahatmya_u,11,undirected
markandeyapurana,markandeyapurana_adhyaya-94-141_u,19,undirected
markandeyapurana,visnupurana_amsa-1_u,4,undirected
markandeyapurana,visnupurana_amsa-4_u,1,undirected
markandeyapurana,visnupurana_amsa-5_u,4,undirected
markandeyapurana,visnupurana_u,13,undirected
matsyapurana_pu,bhavisyapurana,10,undirected
matsyapurana_pu,brahmandapurana_khanda-2_u,12,undirected
matsyapurana_pu,brahmandapurana,1,undirected
matsyapurana_pu,brahmapurana_pu,24,undirected
matsyapurana_pu,garudapurana_khanda-2_u,3,undirected
matsyapurana_pu,harivamsa_appendix-31,2,undirected
matsyapurana_pu,kalikapurana,2,undirected
matsyapurana_pu,kirfel_ppl_textgruppe_II_col1,8,undirected
matsyapurana_pu,kirfel_ppl_textgruppe_IIA_col1,4,undirected
matsyapurana_pu,kirfel_ppl_textgruppe_III_col1,4,undirected
matsyapurana_pu,mahabharata_13-appendix-15_umamahesvara,5,undirected
matsyapurana_pu,mahabharata_14-appendix-04_vaisnavadharma,7,undirected
matsyapurana_pu,nilamatapurana_au,12,undirected
matsyapurana_pu,skandamahapurana_revakhanda,2,undirected
matsyapurana_pu,skandapurana_pasupata_adhyaya174-183_u,5,undirected
naradapurana_khanda-1_u,agnipurana_u,16,undirected
naradapurana_khanda-1_u,bhavisyapurana,2,undirected
naradapurana_khanda-1_u,brahmandapurana_khanda-3_u,7,undirected
naradapurana_khanda-1_u,devipurana,8,undirected
naradapurana_khanda-1_u,garudapurana_khanda-1_u,17,undirected
naradapurana_khanda-1_u,karatoyamahatmya_pu,2,undirected
naradapurana_khanda-1_u,kurmapurana_khanda-2_u,10,undirected
naradapurana_khanda-1_u,lingapurana_khanda-2_u,6,undirected
naradapurana_khanda-1_u,pranavakalpa,10,undirected
naradapurana_khanda-1_u,sivadharmasastra,6,undirected
naradapurana_khanda-1_u,sivadharmottara,12,undirected
naradapurana_khanda-1_u,sivapurana_vayaviyasamhita_au,5,undirected
naradapurana_khanda-1_u,sivapurana_vidyesvarasamhita_au,17,undirected
naradapurana_khanda-1_u,skandamahapurana_sutasamhita_khanda-4,3,undirected
naradapurana_khanda-1_u,vayupurana_10_gaya-mahatmya_iast,11,undirected
naradapurana_khanda-2_u,bhavisyapurana,2,undirected
naradapurana_khanda-2_u,devibhagavatapurana,10,undirected
naradapurana_khanda-2_u,garudapurana_khanda-2_u,7,undirected
naradapurana_khanda-2_u,markandeyapurana_adhyaya-1-80_u,2,undirected
naradapurana_khanda-2_u,skandamahapurana_kasikhanda,3,undirected
nilamatapurana_au,bhavisyapurana,2,undirected
nilamatapurana_au,brahmandapurana,1,undirected
nilamatapurana_au,brahmapurana_pu,8,undirected
nilamatapurana_au,matsyapurana_pu,12,undirected
nilamatapurana_au,skandamahapurana_revakhanda,1,undirected
nrsimhapurana_pu,brahmapurana_pu,10,undirected
nrsimhapurana_pu,devibhagavatapurana,19,undirected
nrsimhapurana_pu,harivamsa_appendix-31,2,undirected
nrsimhapurana_pu,padmapurana_a,19,undirected
nrsimhapurana_pu,sivapurana_rudrasamhita,9,undirected
nrsimhapurana_pu,sivapurana_satarudrasamhita_au,6,undirected
nrsimhapurana_pu,vamanapurana_u,3,undirected
nrsimhapurana_pu,visnudharmottarapurana_khanda-3_adhyaya-343-353_pu,2,undirected
padmapurana_a,devibhagavatapurana,3,undirected
padmapurana_a,mahabharata_07-appendix-08_sodasarajika,1,undirected
padmapurana_a,nrsimhapurana_pu,19,undirected
padmapurana_a,saurapurana,13,undirected
padmapurana_a,sivapurana_dharmasamhita,23,undirected
padmapurana_a,sivapurana_sanatkumarasamhita,5,undirected
padmapurana_a,sivapurana_satarudrasamhita_au,6,undirected
padmapurana_a,vayupurana_revakhanda,2,undirected
padmapurana_a,visnudharmottarapurana_khanda-3_adhyaya-343-353_pu,11,undirected
pranavakalpa,bhagavatapurana_skandha-05_u,2,undirected
pranavakalpa,bhagavatapurana_skandha-10_adhyaya-29-33_w_commentary,16,undirected
pranavakalpa,garudapurana_khanda-1_u,2,undirected
pranavakalpa,naradapurana_khanda-1_u,10,undirected
pranavakalpa,sivapurana_vidyesvarasamhita_au,4,undirected
ramayana_01-balakanda,harivamsa,6,undirected
ramayana_01-balakanda,ramayana_06-yuddhakanda,6,undirected
ramayana_01-balakanda,ramayana_07-uttarakanda,22,undirected
ramayana_02-ayodhyakanda_a,mahabharata_03-aranyakaparvan,5,undirected
ramayana_02-ayodhyakanda_a,ramayana_03-aranyakanda_a,18,undirected
ramayana_02-ayodhyakanda_a,ramayana_04-kiskindhakanda,4,undirected
ramayana_02-ayodhyakanda_a,ramayana_05-sundarakanda,4,undirected
ramayana_03-aranyakanda_a,ramayana_02-ayodhyakanda_a,18,undirected
ramayana_03-aranyakanda_a,ramayana_04-kiskindhakanda,24,undirected
ramayana_03-aranyakanda_a,ramayana_05-sundarakanda,18,undirected
ramayana_03-aranyakanda_a,ramayana_06-yuddhakanda,7,undirected
ramayana_04-kiskindhakanda,ramayana_02-ayodhyakanda_a,4,undirected
ramayana_04-kiskindhakanda,ramayana_03-aranyakanda_a,24,undirected
ramayana_04-kiskindhakanda,ramayana_05-sundarakanda,13,undirected
ramayana_04-kiskindhakanda,ramayana_06-yuddhakanda,17,undirected
ramayana_05-sundarakanda,ramayana_02-ayodhyakanda_a,4,undirected
ramayana_05-sundarakanda,ramayana_03-aranyakanda_a,18,undirected
ramayana_05-sundarakanda,ramayana_04-kiskindhakanda,13,undirected
ramayana_05-sundarakanda,ramayana_06-yuddhakanda,3,undirected
ramayana_06-yuddhakanda,harivamsa,4,undirected
ramayana_06-yuddhakanda,mahabharata_07-dronaparvan,5,undirected
ramayana_06-yuddhakanda,ramayana_01-balakanda,6,undirected
ramayana_06-yuddhakanda,ramayana_03-aranyakanda_a,7,undirected
ramayana_06-yuddhakanda,ramayana_04-kiskindhakanda,17,undirected
ramayana_06-yuddhakanda,ramayana_05-sundarakanda,3,undirected
ramayana_07-uttarakanda,harivamsa,6,undirected
ramayana_07-uttarakanda,mahabharata_03-aranyakaparvan,8,undirected
ramayana_07-uttarakanda,ramayana_01-balakanda,22,undirected
saurapurana,bhavisyapurana,14,undirected
saurapurana,devibhagavatapurana_devigita_adhyaya-31-40,7,undirected
saurapurana,devibhagavatapurana,3,undirected
saurapurana,karatoyamahatmya_pu,5,undirected
saurapurana,kurmapurana_khanda-1_u,2,undirected
saurapurana,padmapurana_a,13,undirected
saurapurana,sivapurana_sanatkumarasamhita,3,undirected
saurapurana,sivapurana_umasamhita,1,undirected
saurapurana,sivapurana_vayaviyasamhita_au,5,undirected
saurapurana,skandamahapurana_kasikhanda,10,undirected
saurapurana,vayupurana_10_gaya-mahatmya_iast,2,undirected
saurapurana,visnudharmottarapurana_khanda-3_adhyaya-343-353_pu,6,undirected
sivadharmasastra,naradapurana_khanda-1_u,6,undirected
sivadharmasastra,sivadharmottara,20,undirected
sivadharmasastra,sivapurana_vidyesvarasamhita_au,1,undirected
sivadharmasastra,visnudharma_pu,5,undirected
sivadharmottara,naradapurana_khanda-1_u,12,undirected
sivadharmottara,sivadharmasastra,20,undirected
sivadharmottara,sivapurana_dharmasamhita,2,undirected
sivadharmottara,sivapurana_vidyesvarasamhita_au,1,undirected
sivadharmottara,skandapurana_pasupata_adhyaya174-183_u,1,undirected
sivapurana_dharmasamhita,bhavisyapurana,3,undirected
sivapurana_dharmasamhita,kurmapurana_khanda-1_u,5,undirected
sivapurana_dharmasamhita,padmapurana_a,23,undirected
sivapurana_dharmasamhita,sivadharmottara,2,undirected
sivapurana_dharmasamhita,sivapurana_sanatkumarasamhita,16,undirected
sivapurana_dharmasamhita,skandamahapurana_himavatkhanda,11,undirected
sivapurana_dharmasamhita,skandamahapurana_kasikhanda,1,undirected
sivapurana_karvanamahatmya_au,sivapurana_sanatkumarasamhita,2,undirected
sivapurana_karvanamahatmya_au,skandamahapurana_revakhanda,12,undirected
sivapurana_karvanamahatmya_au,vamanapurana_saromahatmya_u,2,undirected
sivapurana_karvanamahatmya_au,vayupurana_revakhanda,3,undirected
sivapurana_karvanamahatmya_au,visnupurana_amsa-1_u,5,undirected
sivapurana_rudrasamhita,devibhagavatapurana,5,undirected
sivapurana_rudrasamhita,nrsimhapurana_pu,9,undirected
sivapurana_rudrasamhita,sivapurana_satarudrasamhita_au,23,undirected
sivapurana_rudrasamhita,vamanapurana_u,4,undirected
sivapurana_sanatkumarasamhita,kurmapurana_khanda-1_u,4,undirected
sivapurana_sanatkumarasamhita,mahabharata_12-appendix-29_moksadharma,2,undirected
sivapurana_sanatkumarasamhita,padmapurana_a,5,undirected
sivapurana_sanatkumarasamhita,saurapurana,3,undirected
sivapurana_sanatkumarasamhita,sivapurana_dharmasamhita,16,undirected
sivapurana_sanatkumarasamhita,sivapurana_karvanamahatmya_au,2,undirected
sivapurana_sanatkumarasamhita,skandamahapurana_sutasamhita_khanda-4,1,undirected
sivapurana_sanatkumarasamhita,visnudharmottarapurana_khanda-3_adhyaya-343-353_pu,2,undirected
sivapurana_satarudrasamhita_au,nrsimhapurana_pu,6,undirected
sivapurana_satarudrasamhita_au,padmapurana_a,6,undirected
sivapurana_satarudrasamhita_au,sivapurana_rudrasamhita,23,undirected
sivapurana_umasamhita,bhavisyapurana,19,undirected
sivapurana_umasamhita,brahmandapurana_khanda-2_u,4,undirected
sivapurana_umasamhita,brahmandapurana_khanda-3_u,2,undirected
sivapurana_umasamhita,brahmandapurana,10,undirected
sivapurana_umasamhita,garudapurana_khanda-2_u,7,undirected
sivapurana_umasamhita,garudapurana_khanda-3_u,1,undirected
sivapurana_umasamhita,saurapurana,1,undirected
sivapurana_umasamhita,skandamahapurana_himavatkhanda,9,undirected
sivapurana_umasamhita,skandapurana_pasupata_adhyaya174-183_u,3,undirected
sivapurana_vayaviyasamhita_au,bhagavatapurana_skandha-10_adhyaya-29-33_w_commentary,3,undirected
sivapurana_vayaviyasamhita_au,bhavisyapurana,10,undirected
sivapurana_vayaviyasamhita_au,kurmapurana_khanda-2_u,2,undirected
sivapurana_vayaviyasamhita_au,lingapurana_khanda-2_u,5,undirected
sivapurana_vayaviyasamhita_au,naradapurana_khanda-1_u,5,undirected
sivapurana_vayaviyasamhita_au,saurapurana,5,undirected
sivapurana_vayaviyasamhita_au,sivapurana_vidyesvarasamhita_au,1,undirected
sivapurana_vayaviyasamhita_au,skandamahapurana_kasikhanda,6,undirected
sivapurana_vayaviyasamhita_au,skandapurana_pasupata_adhyaya174-183_u,3,undirected
sivapurana_vayaviyasamhita_au,vayupurana_02_pashupata-yoga_iast,3,undirected
sivapurana_vayaviyasamhita_au,visnupurana_amsa-4_u,5,undirected
sivapurana_vidyesvarasamhita_au,bhavisyapurana,2,undirected
sivapurana_vidyesvarasamhita_au,kurmapurana_khanda-2_u,5,undirected
sivapurana_vidyesvarasamhita_au,lingapurana_khanda-2_u,7,undirected
sivapurana_vidyesvarasamhita_au,naradapurana_khanda-1_u,17,undirected
sivapurana_vidyesvarasamhita_au,pranavakalpa,4,undirected
sivapurana_vidyesvarasamhita_au,sivadharmasastra,1,undirected
sivapurana_vidyesvarasamhita_au,sivadharmottara,1,undirected
sivapurana_vidyesvarasamhita_au,sivapurana_vayaviyasamhita_au,1,undirected
sivapurana_vidyesvarasamhita_au,skandamahapurana_sutasamhita_khanda-4,9,undirected
sivapurana_vidyesvarasamhita_au,vayupurana_02_pashupata-yoga_iast,9,undirected
skandamahapurana_himavatkhanda,kurmapurana_khanda-1_u,2,undirected
skandamahapurana_himavatkhanda,lingapurana_khanda-1_u,1,undirected
skandamahapurana_himavatkhanda,markandeyapurana_adhyaya-81-93_devimahatmya_u,1,undirected
skandamahapurana_himavatkhanda,sivapurana_dharmasamhita,11,undirected
skandamahapurana_himavatkhanda,sivapurana_umasamhita,9,undirected
skandamahapurana_kasikhanda,bhagavatapurana_skandha-10_adhyaya-29-33_w_commentary,10,undirected
skandamahapurana_kasikhanda,bhavisyapurana,7,undirected
skandamahapurana_kasikhanda,devibhagavatapurana_devigita_adhyaya-31-40,2,undirected
skandamahapurana_kasikhanda,karatoyamahatmya_pu,4,undirected
skandamahapurana_kasikhanda,naradapurana_khanda-2_u,3,undirected
skandamahapurana_kasikhanda,saurapurana,10,undirected
skandamahapurana_kasikhanda,sivapurana_dharmasamhita,1,undirected
skandamahapurana_kasikhanda,sivapurana_vayaviyasamhita_au,6,undirected
skandamahapurana_revakhanda,bhavisyapurana,5,undirected
skandamahapurana_revakhanda,brahmapurana_pu,5,undirected
skandamahapurana_revakhanda,matsyapurana_pu,2,undirected
skandamahapurana_revakhanda,nilamatapurana_au,1,undirected
skandamahapurana_revakhanda,sivapurana_karvanamahatmya_au,12,undirected
skandamahapurana_revakhanda,skandamahapurana_sutasamhita_khanda-4,1,undirected
skandamahapurana_revakhanda,vamanapurana_saromahatmya_u,11,undirected
skandamahapurana_revakhanda,vayupurana_revakhanda,24,undirected
skandamahapurana_sutasamhita_khanda-4,kurmapurana_khanda-2_u,7,undirected
skandamahapurana_sutasamhita_khanda-4,lingapurana_khanda-2_u,3,undirected
skandamahapurana_sutasamhita_khanda-4,naradapurana_khanda-1_u,3,undirected
skandamahapurana_sutasamhita_khanda-4,sivapurana_sanatkumarasamhita,1,undirected
skandamahapurana_sutasamhita_khanda-4,sivapurana_vidyesvarasamhita_au,9,undirected
skandamahapurana_sutasamhita_khanda-4,skandamahapurana_revakhanda,1,undirected
skandapurana_adhyaya-1-31_pu,brahmapurana_pu,7,undirected
skandapurana_adhyaya-1-31_pu,harivamsa_appendix-29-30_mathura,5,undirected
skandapurana_adhyaya-1-31_pu,skandapurana,16,undirected
skandapurana_adhyaya-1-31_pu,vamanapurana_u,1,undirected
skandapurana_pasupata_adhyaya174-183_u,kurmapurana_khanda-2_u,8,undirected
skandapurana_pasupata_adhyaya174-183_u,mahabharata_13-appendix-15_umamahesvara,5,undirected
skandapurana_pasupata_adhyaya174-183_u,matsyapurana_pu,5,undirected
skandapurana_pasupata_adhyaya174-183_u,sivadharmottara,1,undirected
skandapurana_pasupata_adhyaya174-183_u,sivapurana_umasamhita,3,undirected
skandapurana_pasupata_adhyaya174-183_u,sivapurana_vayaviyasamhita_au,3,undirected
skandapurana,harivamsa_appendix-31,2,undirected
skandapurana,harivamsa,13,undirected
skandapurana,mahabharata_01-adiparvan,5,undirected
skandapurana,mahabharata_03-aranyakaparvan,3,undirected
skandapurana,mahabharata_07-appendix-08_sodasarajika,3,undirected
skandapurana,skandapurana_adhyaya-1-31_pu,16,undirected
skandapurana,vamanapurana_u,1,undirected
vamanapurana_saromahatmya_u,brahmapurana_pu,8,undirected
vamanapurana_saromahatmya_u,kurmapurana_khanda-1_u,2,undirected
vamanapurana_saromahatmya_u,sivapurana_karvanamahatmya_au,2,undirected
vamanapurana_saromahatmya_u,skandamahapurana_revakhanda,11,undirected
vamanapurana_saromahatmya_u,vayupurana_revakhanda,5,undirected
vamanapurana_u,brahmandapurana_khanda-2_u,2,undirected
vamanapurana_u,brahmapurana_pu,8,undirected
vamanapurana_u,harivamsa_appendix-29-30_mathura,6,undirected
vamanapurana_u,nrsimhapurana_pu,3,undirected
vamanapurana_u,sivapurana_rudrasamhita,4,undirected
vamanapurana_u,skandapurana_adhyaya-1-31_pu,1,undirected
vamanapurana_u,skandapurana,1,undirected
vayu_ba,brahmandapurana_khanda-1_u,19,undirected
vayu_ba,brahmandapurana,2,undirected
vayu_ba,kirfel_ppl_textgruppe_I_col1,1,undirected
vayu_ba,kirfel_ppl_textgruppe_Ia_col1,12,undirected
vayu_ba,kirfel_ppl_textgruppe_IIB_col1,9,undirected
vayu_ba,vayupurana_01_frame-and-cosmogony_iast,4,undirected
vayu_ba,vayupurana_05_jyotis-and-purvardha-close_iast,9,undirected
vayu_ba,vayupurana_06_prthu-and-prajapati-lineages_iast,14,undirected
vayu_ba,vayupurana_07_shraddha-kalpa_iast,9,undirected
vayu_ba,vayupurana_09_upasamhara_iast,8,undirected
vayu_ba,vayupurana,24,undirected
vayupurana_01_frame-and-cosmogony_iast,brahmandapurana_khanda-1_u,12,undirected
vayupurana_01_frame-and-cosmogony_iast,kirfel_ppl_textgruppe_IIB_col1,10,undirected
vayupurana_01_frame-and-cosmogony_iast,vayu_ba,4,undirected
vayupurana_01_frame-and-cosmogony_iast,vayupurana_05_jyotis-and-purvardha-close_iast,8,undirected
vayupurana_02_pashupata-yoga_iast,sivapurana_vayaviyasamhita_au,3,undirected
vayupurana_02_pashupata-yoga_iast,sivapurana_vidyesvarasamhita_au,9,undirected
vayupurana_02_pashupata-yoga_iast,vayupurana_07_shraddha-kalpa_iast,11,undirected
vayupurana_02_pashupata-yoga_iast,vayupurana_09_upasamhara_iast,1,undirected
vayupurana_03_kalpas-and-shiva-lineages_iast,brahmandapurana_khanda-2_u,5,undirected
vayupurana_03_kalpas-and-shiva-lineages_iast,brahmandapurana,6,undirected
vayupurana_03_kalpas-and-shiva-lineages_iast,lingapurana_khanda-1_u,1,undirected
vayupurana_03_kalpas-and-shiva-lineages_iast,vayupurana,12,undirected
vayupurana_04_bhuvana-vinyasa_iast,brahmandapurana_khanda-1_u,1,undirected
vayupurana_04_bhuvana-vinyasa_iast,brahmandapurana,3,undirected
vayupurana_04_bhuvana-vinyasa_iast,vayupurana_07_shraddha-kalpa_iast,9,undirected
vayupurana_04_bhuvana-vinyasa_iast,vayupurana,11,undirected
vayupurana_05_jyotis-and-purvardha-close_iast,brahmandapurana_khanda-1_u,20,undirected
vayupurana_05_jyotis-and-purvardha-close_iast,vayu_ba,9,undirected
vayupurana_05_jyotis-and-purvardha-close_iast,vayupurana_01_frame-and-cosmogony_iast,8,undirected
vayupurana_05_jyotis-and-purvardha-close_iast,vayupurana_09_upasamhara_iast,4,undirected
vayupurana_05_jyotis-and-purvardha-close_iast,vayupurana,4,undirected
vayupurana_06_prthu-and-prajapati-lineages_iast,brahmandapurana_khanda-1_u,4,undirected
vayupurana_06_prthu-and-prajapati-lineages_iast,kirfel_ppl_textgruppe_Ia_col1,8,undirected
vayupurana_06_prthu-and-prajapati-lineages_iast,vayu_ba,14,undirected
vayupurana_06_prthu-and-prajapati-lineages_iast,vayupurana,8,undirected
vayupurana_07_shraddha-kalpa_iast,brahmandapurana_khanda-1_u,4,undirected
vayupurana_07_shraddha-kalpa_iast,vayu_ba,9,undirected
vayupurana_07_shraddha-kalpa_iast,vayupurana_02_pashupata-yoga_iast,11,undirected
vayupurana_07_shraddha-kalpa_iast,vayupurana_04_bhuvana-vinyasa_iast,9,undirected
vayupurana_07_shraddha-kalpa_iast,vayupurana,11,undirected
vayupurana_08_manu-candra-vishnu-vamsha_iast,brahmandapurana_khanda-2_u,8,undirected
vayupurana_08_manu-candra-vishnu-vamsha_iast,kirfel_ppl_textgruppe_I_col1,24,undirected
vayupurana_08_manu-candra-vishnu-vamsha_iast,kirfel_ppl_ungrouped_col1,10,undirected
vayupurana_08_manu-candra-vishnu-vamsha_iast,vayupurana,2,undirected
vayupurana_09_upasamhara_iast,brahmandapurana_khanda-1_u,12,undirected
vayupurana_09_upasamhara_iast,vayu_ba,8,undirected
vayupurana_09_upasamhara_iast,vayupurana_02_pashupata-yoga_iast,1,undirected
vayupurana_09_upasamhara_iast,vayupurana_05_jyotis-and-purvardha-close_iast,4,undirected
vayupurana_10_gaya-mahatmya_iast,bhavisyapurana,9,undirected
vayupurana_10_gaya-mahatmya_iast,garudapurana_khanda-2_u,2,undirected
vayupurana_10_gaya-mahatmya_iast,naradapurana_khanda-1_u,11,undirected
vayupurana_10_gaya-mahatmya_iast,saurapurana,2,undirected
vayupurana_revakhanda,bhavisyapurana,8,undirected
vayupurana_revakhanda,garudapurana_khanda-2_u,1,undirected
vayupurana_revakhanda,padmapurana_a,2,undirected
vayupurana_revakhanda,sivapurana_karvanamahatmya_au,3,undirected
vayupurana_revakhanda,skandamahapurana_revakhanda,24,undirected
vayupurana_revakhanda,vamanapurana_saromahatmya_u,5,undirected
vayupurana,brahmandapurana_khanda-1_u,10,undirected
vayupurana,brahmandapurana_khanda-2_u,8,undirected
vayupurana,brahmandapurana,15,undirected
vayupurana,kirfel_ppl_textgruppe_I_col1,1,undirected
vayupurana,lingapurana_khanda-1_u,8,undirected
vayupurana,vayu_ba,24,undirected
vayupurana,vayupurana_03_kalpas-and-shiva-lineages_iast,12,undirected
vayupurana,vayupurana_04_bhuvana-vinyasa_iast,11,undirected
vayupurana,vayupurana_05_jyotis-and-purvardha-close_iast,4,undirected
vayupurana,vayupurana_06_prthu-and-prajapati-lineages_iast,8,undirected
vayupurana,vayupurana_07_shraddha-kalpa_iast,11,undirected
vayupurana,vayupurana_08_manu-candra-vishnu-vamsha_iast,2,undirected
visnudharma_pu,brahmapurana_pu,10,undirected
visnudharma_pu,mahabharata_12-santiparvan,4,undirected
visnudharma_pu,mahabharata_13-anusasanaparvan,9,undirected
visnudharma_pu,mahabharata_13-appendix-15_umamahesvara,8,undirected
visnudharma_pu,sivadharmasastra,5,undirected
visnudharmottarapurana_khanda-3_adhyaya-343-353_pu,devibhagavatapurana,1,undirected
visnudharmottarapurana_khanda-3_adhyaya-343-353_pu,kurmapurana_khanda-1_u,2,undirected
visnudharmottarapurana_khanda-3_adhyaya-343-353_pu,nrsimhapurana_pu,2,undirected
visnudharmottarapurana_khanda-3_adhyaya-343-353_pu,padmapurana_a,11,undirected
visnudharmottarapurana_khanda-3_adhyaya-343-353_pu,saurapurana,6,undirected
visnudharmottarapurana_khanda-3_adhyaya-343-353_pu,sivapurana_sanatkumarasamhita,2,undirected
visnupurana_amsa-1_u,brahmapurana_pu,4,undirected
visnupurana_amsa-1_u,kirfel_ppl_textgruppe_IIA_col1,1,undirected
visnupurana_amsa-1_u,markandeyapurana,4,undirected
visnupurana_amsa-1_u,sivapurana_karvanamahatmya_au,5,undirected
visnupurana_amsa-1_u,visnupurana_amsa-5_u,12,undirected
visnupurana_amsa-1_u,visnupurana_amsa-6_u,6,undirected
visnupurana_amsa-1_u,visnupurana_u,24,undirected
visnupurana_amsa-2_u,markandeyapurana_adhyaya-1-80_u,5,undirected
visnupurana_amsa-2_u,visnupurana_amsa-3_u,10,undirected
visnupurana_amsa-2_u,visnupurana_u,12,undirected
visnupurana_amsa-3_u,bhavisyapurana,2,undirected
visnupurana_amsa-3_u,garudapurana_khanda-2_u,8,undirected
visnupurana_amsa-3_u,visnupurana_amsa-2_u,10,undirected
visnupurana_amsa-3_u,visnupurana_u,11,undirected
visnupurana_amsa-4_u,bhagavatapurana_skandha-09_u,1,undirected
visnupurana_amsa-4_u,markandeyapurana_adhyaya-1-80_u,5,undirected
visnupurana_amsa-4_u,markandeyapurana,1,undirected
visnupurana_amsa-4_u,sivapurana_vayaviyasamhita_au,5,undirected
visnupurana_amsa-4_u,visnupurana_u,12,undirected
visnupurana_amsa-5_u,markandeyapurana_adhyaya-81-93_devimahatmya_u,8,undirected
visnupurana_amsa-5_u,markandeyapurana_adhyaya-94-141_u,1,undirected
visnupurana_amsa-5_u,markandeyapurana,4,undirected
visnupurana_amsa-5_u,visnupurana_amsa-1_u,12,undirected
visnupurana_amsa-5_u,visnupurana_amsa-6_u,6,undirected
visnupurana_amsa-5_u,visnupurana_u,12,undirected
visnupurana_amsa-6_u,visnupurana_amsa-1_u,6,undirected
visnupurana_amsa-6_u,visnupurana_amsa-5_u,6,undirected
visnupurana_amsa-6_u,visnupurana_u,12,undirected
visnupurana_u,garudapurana_khanda-2_u,1,undirected
visnupurana_u,markandeyapurana_adhyaya-1-80_u,12,undirected
visnupurana_u,markandeyapurana_adhyaya-81-93_devimahatmya_u,2,undirected
visnupurana_u,markandeyapurana_adhyaya-94-141_u,3,undirected
visnupurana_u,markandeyapurana,13,undirected
visnupurana_u,visnupurana_amsa-1_u,24,undirected
visnupurana_u,visnupurana_amsa-2_u,12,undirected
visnupurana_u,visnupurana_amsa-3_u,11,undirected
visnupurana_u,visnupurana_amsa-4_u,12,undirected
visnupurana_u,visnupurana_amsa-5_u,12,undirected
visnupurana_u,visnupurana_amsa-6_u,12,undirected
