text	stratum	x	retention	gain	frac_orig_present
agnipurana_u	5	0.277784	0.022652	0.009343	1.0000
bhagavatapurana_skandha-01_u	7	-0.158068	0.026692	0.004302	1.0000
bhagavatapurana_skandha-02_u	7	0.044508	0.020445	0.005262	0.9118
bhagavatapurana_skandha-03_u	7	0.009649	0.022367	0.004882	1.0000
bhagavatapurana_skandha-04_u	7	-0.053495	0.024980	0.005048	1.0000
bhagavatapurana_skandha-05_u	7	0.002530	0.026376	0.003951	1.0000
bhagavatapurana_skandha-06_u	7	-0.036371	0.024584	0.005807	1.0000
bhagavatapurana_skandha-07_u	7	0.008212	0.023940	0.006181	1.0000
bhagavatapurana_skandha-08_u	7	-0.080445	0.024114	0.005103	1.0000
bhagavatapurana_skandha-09_u	7	-0.154498	0.029684	0.004451	1.0000
bhagavatapurana_skandha-10_adhyaya-29-33_w_commentary	8	0.075341	0.022436	0.004070	1.0000
bhagavatapurana_skandha-10_u	7	-0.167106	0.025269	0.004150	1.0000
bhagavatapurana_skandha-11_u	7	0.078461	0.021454	0.004557	1.0000
bhagavatapurana_skandha-12_u	7	0.048868	0.022552	0.005258	1.0000
bhavisyapurana	5	0.118255	0.025717	0.008048	1.0000
brahmandapurana	3	0.094005	0.026262	0.005792	1.0000
brahmandapurana_khanda-1_u	3	0.232719	0.024468	0.005114	1.0000
brahmandapurana_khanda-2_u	3	-0.037880	0.029006	0.005089	1.0000
brahmandapurana_khanda-3_u	3	0.152320	0.024084	0.007549	1.0000
brahmapurana_pu	5	0.007482	0.026013	0.006011	1.0000
devibhagavatapurana	5	0.017610	0.025310	0.006655	1.0000
devibhagavatapurana_devigita_adhyaya-31-40	5	0.314579	0.022308	0.007865	0.9706
devipurana	5	0.214438	0.024120	0.010246	1.0000
garudapurana_khanda-1_u	5	0.206747	0.021263	0.008418	1.0000
garudapurana_khanda-2_u	5	0.202495	0.022388	0.006879	1.0000
garudapurana_khanda-3_u	5	0.256910	0.018955	0.008865	1.0000
harivamsa	12	-0.232192	0.031129	0.004446	1.0000
harivamsa_appendix-29-30_mathura	11	-0.227581	0.030039	0.006366	1.0000
harivamsa_appendix-31	11	-0.198790	0.028750	0.007086	1.0000
harivamsa_appendix-41	11	0.052197	0.028775	0.004890	1.0000
harivamsa_appendix-42_pradurbhava	11	-0.204919	0.031625	0.004627	1.0000
kalikapurana	5	0.104473	0.024039	0.008853	1.0000
karatoyamahatmya_pu	5	0.374074	0.018788	0.010280	0.5882
kirfel_ppl_textgruppe_IIA_col1	14	0.369359	0.017256	0.006480	0.9706
kirfel_ppl_textgruppe_IIB_col1	14	0.338211	0.019570	0.005094	1.0000
kirfel_ppl_textgruppe_III_col1	14	0.174934	0.022993	0.006836	0.9412
kirfel_ppl_textgruppe_II_col1	14	-0.105188	0.031658	0.005876	1.0000
kirfel_ppl_textgruppe_I_col1	14	-0.126904	0.032760	0.004522	1.0000
kirfel_ppl_textgruppe_Ia_col1	14	0.126367	0.027716	0.005492	1.0000
kirfel_ppl_ungrouped_col1	14	-0.158574	0.030465	0.005233	1.0000
kurmapurana_khanda-1_u	5	0.119267	0.023958	0.008091	1.0000
kurmapurana_khanda-2_u	5	0.298075	0.020375	0.009316	1.0000
lingapurana_khanda-1_u	5	0.164727	0.022567	0.007623	1.0000
lingapurana_khanda-2_u	5	0.264223	0.021260	0.010286	1.0000
mahabharata_01-adiparvan	1	-0.309810	0.035930	0.003789	1.0000
mahabharata_02-appendix-21_sisupala	11	-0.257195	0.035561	0.006278	1.0000
mahabharata_02-sabhaparvan	1	-0.425468	0.047119	0.003799	1.0000
mahabharata_03-aranyakaparvan	1	-0.321352	0.038203	0.003976	1.0000
mahabharata_04-virataparvan	1	-0.448047	0.045578	0.002651	1.0000
mahabharata_05-udyogaparvan	1	-0.339436	0.039920	0.004400	1.0000
mahabharata_06-bhismaparvan	1	-0.420118	0.044932	0.003053	1.0000
mahabharata_07-appendix-08_sodasarajika	11	-0.225761	0.034922	0.004978	0.9412
mahabharata_07-dronaparvan	1	-0.474392	0.046887	0.002848	1.0000
mahabharata_08-karnaparvan	1	-0.477851	0.046945	0.002882	1.0000
mahabharata_09-salyaparvan	1	-0.452813	0.046550	0.003606	1.0000
mahabharata_10-sauptikaparvan	1	-0.371537	0.038760	0.003006	1.0000
mahabharata_11-striparvan	1	-0.403302	0.040777	0.003855	1.0000
mahabharata_12-appendix-29_moksadharma	11	0.093602	0.029074	0.004251	1.0000
mahabharata_12-santiparvan	1	-0.038123	0.032203	0.005023	1.0000
mahabharata_13-anusasanaparvan	1	-0.074989	0.032003	0.005176	1.0000
mahabharata_13-appendix-15_umamahesvara	11	0.203437	0.027770	0.007459	1.0000
mahabharata_14-appendix-04_vaisnavadharma	11	0.165058	0.028299	0.006979	1.0000
mahabharata_14-asvamedhikaparvan	1	-0.186429	0.035880	0.004337	1.0000
mahabharata_15-asramavasikaparvan	1	-0.437299	0.046680	0.003386	1.0000
mahabharata_16-mausalaparvan	1	-0.454221	0.035247	0.003618	1.0000
mahabharata_17-mahaprasthanikaparvan	1	-0.681893	0.054790	0.002757	0.8529
mahabharata_18-svargarohanaparvan	1	-0.370126	0.047602	0.005087	1.0000
markandeyapurana	3	-0.046509	0.025376	0.005762	1.0000
markandeyapurana_adhyaya-1-80_u	3	-0.000386	0.024751	0.005176	1.0000
markandeyapurana_adhyaya-81-93_devimahatmya_u	3	-0.098832	0.024574	0.009759	0.9706
markandeyapurana_adhyaya-94-141_u	3	-0.159482	0.027901	0.005756	1.0000
matsyapurana_pu	3	0.055130	0.026444	0.006825	1.0000
naradapurana_khanda-1_u	5	0.259384	0.021644	0.008161	1.0000
naradapurana_khanda-2_u	5	0.071178	0.023906	0.006718	1.0000
nilamatapurana_au	5	0.068113	0.023919	0.007814	1.0000
nrsimhapurana_pu	5	-0.069470	0.029788	0.007918	1.0000
padmapurana_a	5	0.031113	0.025967	0.007454	1.0000
pranavakalpa	9	0.413479	0.021429	0.004229	1.0000
ramayana_01-balakanda	2	-0.390068	0.039344	0.002925	1.0000
ramayana_02-ayodhyakanda_a	2	-0.352174	0.037600	0.003376	1.0000
ramayana_03-aranyakanda_a	2	-0.359019	0.036492	0.003159	1.0000
ramayana_04-kiskindhakanda	2	-0.315301	0.034462	0.002769	1.0000
ramayana_05-sundarakanda	2	-0.364974	0.034880	0.002811	1.0000
ramayana_06-yuddhakanda	2	-0.392858	0.037873	0.002155	1.0000
ramayana_07-uttarakanda	2	-0.309426	0.034392	0.003871	1.0000
saurapurana	5	0.139119	0.025150	0.007881	1.0000
sivadharmasastra	13	0.362610	0.020320	0.008531	1.0000
sivadharmottara	13	0.303466	0.022077	0.006302	1.0000
sivapurana_dharmasamhita	6	0.052611	0.025244	0.005472	0.9706
sivapurana_karvanamahatmya_au	6	0.208742	0.020687	0.008587	0.9412
sivapurana_rudrasamhita	6	0.031450	0.022965	0.006881	1.0000
sivapurana_sanatkumarasamhita	6	0.178625	0.022251	0.006404	0.9706
sivapurana_satarudrasamhita_au	6	0.018339	0.024256	0.006606	1.0000
sivapurana_umasamhita	6	0.100865	0.023293	0.005757	1.0000
sivapurana_vayaviyasamhita_au	6	0.275022	0.021358	0.007319	1.0000
sivapurana_vidyesvarasamhita_au	6	0.388803	0.020902	0.007543	0.9706
skandamahapurana_himavatkhanda	10	0.042528	0.023592	0.006287	1.0000
skandamahapurana_kasikhanda	10	0.168657	0.022809	0.005901	1.0000
skandamahapurana_revakhanda	10	0.085365	0.029060	0.008104	1.0000
skandamahapurana_sutasamhita_khanda-4	10	0.410233	0.021357	0.007506	1.0000
skandapurana	4	-0.114725	0.026995	0.005914	1.0000
skandapurana_adhyaya-1-31_pu	4	-0.063941	0.023457	0.007209	1.0000
skandapurana_pasupata_adhyaya174-183_u	4	0.458952	0.020650	0.005144	0.9706
vamanapurana_saromahatmya_u	5	0.056942	0.024510	0.008410	1.0000
vamanapurana_u	5	-0.106862	0.026269	0.006538	1.0000
vayu_ba	3	0.160173	0.025172	0.005165	1.0000
vayupurana	3	0.158927	0.024376	0.005567	1.0000
vayupurana_01_frame-and-cosmogony_iast	3	0.346342	0.020699	0.005363	0.9706
vayupurana_02_pashupata-yoga_iast	3	0.483314	0.019950	0.006977	0.8529
vayupurana_03_kalpas-and-shiva-lineages_iast	3	0.157774	0.019548	0.005380	1.0000
vayupurana_04_bhuvana-vinyasa_iast	3	0.127073	0.024309	0.005093	1.0000
vayupurana_05_jyotis-and-purvardha-close_iast	3	0.252002	0.024584	0.004657	1.0000
vayupurana_06_prthu-and-prajapati-lineages_iast	3	0.153641	0.025306	0.005231	1.0000
vayupurana_07_shraddha-kalpa_iast	3	0.251923	0.021378	0.006375	1.0000
vayupurana_08_manu-candra-vishnu-vamsha_iast	3	-0.110741	0.032650	0.005057	1.0000
vayupurana_09_upasamhara_iast	3	0.323668	0.022698	0.004793	1.0000
vayupurana_10_gaya-mahatmya_iast	3	0.238015	0.023971	0.011554	1.0000
vayupurana_revakhanda	5	0.079527	0.027775	0.008964	1.0000
visnudharma_pu	5	0.062938	0.024622	0.008471	1.0000
visnudharmottarapurana_khanda-3_adhyaya-343-353_pu	5	-0.010767	0.024335	0.010483	0.9706
visnupurana_amsa-1_u	3	0.059115	0.023173	0.005945	1.0000
visnupurana_amsa-2_u	3	0.177346	0.022195	0.005385	1.0000
visnupurana_amsa-3_u	3	0.154992	0.024919	0.007741	1.0000
visnupurana_amsa-4_u	3	-0.132861	0.031086	0.004799	1.0000
visnupurana_amsa-5_u	3	-0.219413	0.026631	0.005493	1.0000
visnupurana_amsa-6_u	3	0.162651	0.024276	0.004046	0.9706
visnupurana_u	3	-0.011087	0.026019	0.005635	1.0000
