trigram	abs_rho_x	junction_share	final_share	particle_share	pronoun_share	verb_narrative_share	verb_prescriptive_share	numeral_list_share	content_share
rāj	0.8093	0.014	0.001	0.001	0.000	0.001	0.002	0.004	0.992
āja	0.7486	0.146	0.094	0.000	0.000	0.012	0.004	0.004	0.980
mṛt	0.7048	0.015	0.000	0.000	0.000	0.025	0.003	0.006	0.967
hat	0.7006	0.091	0.060	0.024	0.000	0.048	0.001	0.005	0.921
ikā	0.7001	0.102	0.217	0.000	0.003	0.001	0.007	0.035	0.954
tāṃ	0.6841	0.000	0.689	0.000	0.200	0.000	0.001	0.011	0.788
ahm	0.6840	0.000	0.000	0.000	0.000	0.001	0.003	0.019	0.977
atā	0.6339	0.103	0.193	0.001	0.060	0.001	0.002	0.016	0.920
ātr	0.6272	0.070	0.000	0.000	0.000	0.001	0.004	0.099	0.896
arṣ	0.6224	0.001	0.000	0.000	0.000	0.001	0.001	0.056	0.941
ādi	0.6197	0.097	0.049	0.000	0.000	0.001	0.010	0.135	0.855
sah	0.6196	0.042	0.000	0.272	0.031	0.003	0.002	0.137	0.553
aye	0.6169	0.070	0.258	0.000	0.060	0.001	0.281	0.008	0.650
āmi	0.6162	0.128	0.497	0.000	0.012	0.002	0.003	0.006	0.977
bal	0.6037	0.001	0.000	0.000	0.000	0.002	0.002	0.009	0.987
aha	0.6027	0.124	0.110	0.157	0.021	0.004	0.002	0.058	0.759
rat	0.5961	0.052	0.009	0.058	0.000	0.003	0.004	0.019	0.916
hāp	0.5900	0.253	0.000	0.208	0.000	0.011	0.009	0.014	0.757
kal	0.5888	0.001	0.000	0.000	0.000	0.003	0.019	0.018	0.959
yām	0.5817	0.121	0.180	0.000	0.022	0.001	0.002	0.015	0.961
rah	0.5765	0.035	0.000	0.009	0.001	0.008	0.002	0.015	0.965
yet	0.5645	0.192	0.432	0.000	0.070	0.001	0.433	0.007	0.490
ṣya	0.5508	0.003	0.196	0.000	0.000	0.000	0.001	0.003	0.995
vān	0.5460	0.097	0.414	0.050	0.032	0.029	0.002	0.005	0.883
sth	0.5430	0.000	0.000	0.000	0.000	0.014	0.003	0.014	0.970
tav	0.5425	0.045	0.000	0.001	0.162	0.001	0.001	0.023	0.813
put	0.5401	0.001	0.000	0.000	0.000	0.000	0.001	0.008	0.990
hyā	0.5379	0.012	0.098	0.004	0.000	0.022	0.010	0.034	0.930
hāb	0.5362	0.182	0.000	0.085	0.000	0.019	0.006	0.016	0.874
ata	0.5229	0.194	0.073	0.069	0.051	0.001	0.001	0.041	0.836
yāt	0.5219	0.129	0.186	0.000	0.031	0.022	0.188	0.007	0.752
hir	0.5214	0.029	0.254	0.018	0.000	0.002	0.003	0.060	0.917
utr	0.5205	0.030	0.000	0.011	0.000	0.000	0.001	0.028	0.960
ika	0.5193	0.183	0.012	0.003	0.006	0.001	0.007	0.064	0.919
hār	0.5184	0.039	0.000	0.021	0.000	0.001	0.008	0.009	0.962
udh	0.5149	0.060	0.000	0.000	0.000	0.002	0.003	0.004	0.991
arā	0.5094	0.131	0.084	0.010	0.000	0.001	0.001	0.017	0.970
han	0.5073	0.043	0.026	0.008	0.000	0.006	0.004	0.011	0.970
hma	0.5065	0.000	0.040	0.000	0.000	0.001	0.003	0.010	0.986
ava	0.5040	0.135	0.076	0.034	0.044	0.003	0.003	0.034	0.881
akt	0.5008	0.005	0.000	0.000	0.000	0.048	0.002	0.015	0.935
mar	0.4997	0.121	0.000	0.002	0.005	0.003	0.023	0.007	0.960
ḥśa	0.4992	0.940	0.000	0.015	0.000	0.001	0.001	0.083	0.900
var	0.4936	0.020	0.000	0.008	0.002	0.003	0.008	0.025	0.955
dṛṣ	0.4928	0.008	0.000	0.521	0.000	0.001	0.001	0.002	0.475
avā	0.4907	0.146	0.047	0.051	0.021	0.001	0.012	0.014	0.901
ade	0.4843	0.372	0.072	0.000	0.023	0.000	0.014	0.014	0.949
ama	0.4812	0.287	0.063	0.021	0.060	0.004	0.006	0.022	0.886
rya	0.4751	0.053	0.099	0.015	0.007	0.001	0.006	0.011	0.961
ira	0.4733	0.184	0.074	0.007	0.000	0.002	0.002	0.021	0.968
kta	0.4732	0.007	0.017	0.002	0.002	0.000	0.002	0.012	0.982
āha	0.4717	0.128	0.200	0.003	0.000	0.129	0.007	0.021	0.841
idh	0.4650	0.089	0.000	0.000	0.000	0.004	0.006	0.066	0.924
rav	0.4643	0.077	0.000	0.044	0.000	0.074	0.005	0.015	0.862
ṛṣṭ	0.4641	0.000	0.000	0.292	0.000	0.001	0.001	0.003	0.704
pat	0.4636	0.009	0.007	0.000	0.000	0.002	0.003	0.012	0.983
apu	0.4635	0.408	0.001	0.050	0.000	0.001	0.003	0.019	0.927
dvi	0.4611	0.085	0.001	0.001	0.000	0.002	0.003	0.569	0.426
ayā	0.4591	0.044	0.409	0.001	0.167	0.001	0.019	0.007	0.806
āṃs	0.4588	0.628	0.108	0.000	0.046	0.001	0.001	0.017	0.935
iṣṇ	0.4583	0.001	0.000	0.000	0.000	0.002	0.003	0.006	0.990
abh	0.4582	0.228	0.000	0.000	0.003	0.024	0.013	0.027	0.932
ṃma	0.4575	0.959	0.001	0.000	0.120	0.009	0.002	0.001	0.867
iṣy	0.4565	0.001	0.000	0.000	0.000	0.001	0.002	0.003	0.994
ura	0.4554	0.100	0.011	0.000	0.000	0.002	0.002	0.035	0.961
ana	0.4495	0.104	0.071	0.043	0.006	0.002	0.002	0.020	0.927
vij	0.4487	0.004	0.000	0.000	0.000	0.001	0.004	0.476	0.519
śva	0.4463	0.000	0.033	0.004	0.000	0.000	0.003	0.012	0.981
ami	0.4434	0.423	0.002	0.005	0.024	0.003	0.002	0.016	0.950
ḥsa	0.4429	0.960	0.001	0.083	0.088	0.001	0.004	0.030	0.793
rām	0.4420	0.087	0.069	0.012	0.000	0.002	0.003	0.008	0.974
dhy	0.4394	0.000	0.002	0.000	0.000	0.030	0.009	0.017	0.944
yad	0.4326	0.277	0.032	0.164	0.092	0.001	0.002	0.007	0.733
cha	0.4272	0.000	0.097	0.000	0.000	0.002	0.001	0.008	0.989
mah	0.4202	0.022	0.000	0.000	0.003	0.003	0.002	0.004	0.988
mād	0.4188	0.131	0.120	0.004	0.000	0.002	0.011	0.044	0.940
rān	0.4166	0.088	0.347	0.004	0.000	0.003	0.003	0.022	0.967
vād	0.4166	0.259	0.028	0.127	0.000	0.083	0.004	0.153	0.633
ahā	0.4160	0.007	0.023	0.000	0.000	0.001	0.002	0.006	0.991
aṃs	0.4159	0.754	0.017	0.028	0.017	0.000	0.002	0.019	0.934
śya	0.4136	0.001	0.200	0.025	0.000	0.000	0.001	0.004	0.969
acc	0.4129	0.164	0.000	0.011	0.000	0.020	0.008	0.011	0.951
yam	0.4110	0.187	0.287	0.004	0.058	0.003	0.006	0.008	0.921
bhi	0.4089	0.000	0.004	0.000	0.005	0.007	0.004	0.094	0.889
ṃga	0.4071	0.679	0.006	0.046	0.000	0.002	0.006	0.008	0.940
apā	0.4045	0.323	0.010	0.000	0.000	0.001	0.005	0.024	0.970
tit	0.4024	0.327	0.000	0.044	0.000	0.001	0.001	0.010	0.943
bra	0.3989	0.000	0.000	0.000	0.000	0.137	0.002	0.014	0.847
asu	0.3978	0.438	0.065	0.000	0.000	0.002	0.001	0.020	0.977
mās	0.3957	0.313	0.007	0.035	0.000	0.129	0.002	0.013	0.822
yād	0.3927	0.183	0.126	0.000	0.041	0.001	0.003	0.041	0.914
āda	0.3866	0.198	0.033	0.000	0.000	0.008	0.008	0.129	0.855
anu	0.3843	0.007	0.020	0.023	0.000	0.002	0.005	0.008	0.962
dev	0.3837	0.018	0.000	0.011	0.000	0.001	0.001	0.005	0.981
pūr	0.3823	0.001	0.000	0.000	0.000	0.002	0.007	0.007	0.983
jag	0.3820	0.005	0.000	0.000	0.000	0.119	0.000	0.008	0.873
hām	0.3819	0.197	0.116	0.090	0.000	0.000	0.002	0.010	0.898
hād	0.3797	0.202	0.061	0.109	0.000	0.002	0.003	0.040	0.846
rūp	0.3794	0.001	0.000	0.000	0.000	0.000	0.002	0.017	0.981
tām	0.3772	0.171	0.392	0.000	0.060	0.001	0.003	0.007	0.929
ato	0.3768	0.018	0.733	0.000	0.000	0.001	0.003	0.011	0.984
naḥ	0.3762	0.000	0.924	0.215	0.055	0.000	0.000	0.008	0.722
mam	0.3731	0.105	0.289	0.004	0.235	0.005	0.003	0.012	0.741
rak	0.3727	0.070	0.001	0.031	0.000	0.003	0.009	0.028	0.931
evā	0.3724	0.160	0.124	0.064	0.000	0.003	0.003	0.008	0.922
akr	0.3702	0.088	0.000	0.000	0.000	0.021	0.003	0.043	0.933
śaṃ	0.3671	0.000	0.534	0.000	0.000	0.000	0.001	0.013	0.986
ayo	0.3660	0.103	0.243	0.000	0.022	0.001	0.007	0.023	0.947
aḥt	0.3642	0.978	0.000	0.017	0.006	0.000	0.000	0.042	0.936
kār	0.3622	0.008	0.000	0.000	0.000	0.048	0.017	0.008	0.927
aṃg	0.3622	0.629	0.000	0.011	0.016	0.001	0.001	0.019	0.952
āmā	0.3621	0.308	0.045	0.005	0.040	0.001	0.003	0.012	0.939
ābh	0.3619	0.299	0.000	0.006	0.007	0.011	0.019	0.014	0.943
rva	0.3610	0.026	0.025	0.032	0.000	0.001	0.004	0.007	0.956
tsa	0.3603	0.314	0.051	0.014	0.047	0.001	0.008	0.018	0.913
tva	0.3561	0.038	0.003	0.000	0.145	0.002	0.002	0.008	0.843
āga	0.3536	0.151	0.033	0.011	0.000	0.004	0.002	0.012	0.972
yan	0.3528	0.192	0.095	0.003	0.016	0.001	0.001	0.009	0.969
eta	0.3527	0.342	0.086	0.118	0.147	0.004	0.002	0.005	0.724
kaṃ	0.3520	0.000	0.876	0.000	0.027	0.000	0.001	0.056	0.916
māt	0.3513	0.117	0.146	0.012	0.067	0.002	0.002	0.043	0.875
nar	0.3495	0.083	0.071	0.018	0.013	0.003	0.003	0.005	0.957
āyā	0.3492	0.081	0.101	0.001	0.027	0.001	0.010	0.017	0.945
tta	0.3471	0.116	0.010	0.038	0.035	0.001	0.001	0.054	0.871
atu	0.3467	0.303	0.069	0.232	0.001	0.001	0.001	0.256	0.509
str	0.3445	0.070	0.000	0.000	0.000	0.001	0.002	0.051	0.946
jan	0.3426	0.006	0.137	0.000	0.000	0.001	0.002	0.030	0.967
sat	0.3415	0.178	0.007	0.000	0.133	0.017	0.001	0.020	0.828
āṃś	0.3412	0.399	0.249	0.000	0.025	0.001	0.001	0.023	0.949
avi	0.3382	0.351	0.002	0.011	0.000	0.002	0.008	0.023	0.957
tān	0.3370	0.081	0.187	0.000	0.101	0.002	0.002	0.014	0.881
har	0.3370	0.019	0.001	0.005	0.000	0.003	0.007	0.007	0.977
isa	0.3358	0.580	0.001	0.029	0.044	0.002	0.012	0.039	0.874
vid	0.3341	0.013	0.005	0.002	0.002	0.008	0.005	0.043	0.940
aṇa	0.3317	0.001	0.042	0.000	0.000	0.001	0.002	0.010	0.987
are	0.3311	0.026	0.406	0.001	0.000	0.000	0.100	0.016	0.883
aka	0.3281	0.179	0.022	0.003	0.004	0.001	0.004	0.023	0.965
aṃm	0.3275	0.932	0.001	0.015	0.025	0.000	0.000	0.017	0.943
yav	0.3258	0.445	0.000	0.007	0.045	0.001	0.001	0.008	0.939
hak	0.3246	0.097	0.052	0.021	0.000	0.010	0.004	0.014	0.950
aty	0.3226	0.020	0.065	0.000	0.000	0.006	0.004	0.020	0.970
ṃśa	0.3223	0.487	0.005	0.003	0.000	0.003	0.003	0.132	0.860
lak	0.3218	0.012	0.000	0.002	0.000	0.002	0.004	0.034	0.958
āma	0.3205	0.295	0.135	0.000	0.046	0.024	0.003	0.009	0.918
ārt	0.3193	0.001	0.000	0.000	0.000	0.001	0.002	0.004	0.993
āry	0.3188	0.001	0.006	0.000	0.000	0.001	0.002	0.008	0.989
eva	0.3184	0.086	0.151	0.274	0.002	0.005	0.002	0.008	0.710
any	0.3179	0.054	0.010	0.020	0.000	0.001	0.007	0.005	0.966
mat	0.3130	0.154	0.030	0.036	0.007	0.032	0.003	0.007	0.915
vās	0.3112	0.284	0.020	0.144	0.000	0.104	0.004	0.009	0.740
aṇḍ	0.3104	0.000	0.000	0.000	0.000	0.001	0.003	0.015	0.981
yaj	0.3099	0.162	0.002	0.003	0.019	0.003	0.044	0.013	0.919
ārā	0.3090	0.211	0.058	0.000	0.000	0.001	0.002	0.015	0.982
dha	0.3081	0.000	0.020	0.001	0.000	0.003	0.005	0.013	0.978
rut	0.3063	0.025	0.002	0.257	0.000	0.043	0.001	0.003	0.697
ati	0.3046	0.026	0.349	0.035	0.000	0.001	0.004	0.013	0.946
ina	0.3013	0.240	0.008	0.113	0.028	0.001	0.003	0.016	0.839
hūt	0.3007	0.001	0.057	0.000	0.000	0.101	0.001	0.017	0.881
asm	0.3003	0.039	0.000	0.013	0.224	0.004	0.002	0.007	0.749
asa	0.2984	0.386	0.005	0.016	0.039	0.001	0.005	0.029	0.910
mān	0.2962	0.030	0.144	0.001	0.008	0.001	0.005	0.008	0.977
aḥk	0.2938	0.960	0.000	0.027	0.054	0.000	0.001	0.019	0.898
ṃvi	0.2937	0.944	0.000	0.027	0.000	0.005	0.024	0.001	0.943
ānt	0.2936	0.004	0.000	0.000	0.000	0.003	0.002	0.015	0.979
viṣ	0.2917	0.001	0.000	0.000	0.000	0.002	0.002	0.028	0.968
rāt	0.2898	0.064	0.127	0.034	0.000	0.003	0.002	0.044	0.917
jñā	0.2880	0.000	0.091	0.000	0.000	0.085	0.002	0.006	0.907
śar	0.2880	0.010	0.000	0.000	0.000	0.001	0.001	0.030	0.968
iṣṭ	0.2870	0.003	0.000	0.000	0.000	0.000	0.004	0.015	0.981
jay	0.2843	0.010	0.000	0.000	0.000	0.046	0.115	0.005	0.834
cch	0.2843	0.083	0.000	0.000	0.000	0.027	0.008	0.010	0.955
ukt	0.2839	0.001	0.000	0.053	0.000	0.085	0.003	0.012	0.846
ate	0.2838	0.139	0.676	0.000	0.099	0.000	0.001	0.004	0.895
gat	0.2819	0.005	0.021	0.070	0.000	0.004	0.002	0.006	0.917
tap	0.2812	0.075	0.000	0.001	0.000	0.010	0.002	0.027	0.960
sya	0.2801	0.005	0.782	0.000	0.190	0.000	0.000	0.012	0.798
dan	0.2779	0.061	0.019	0.004	0.000	0.000	0.002	0.015	0.978
yaś	0.2774	0.309	0.119	0.004	0.029	0.001	0.002	0.011	0.954
aśa	0.2756	0.241	0.064	0.001	0.000	0.001	0.002	0.200	0.795
stu	0.2752	0.289	0.438	0.260	0.000	0.015	0.001	0.018	0.706
ddh	0.2751	0.042	0.000	0.000	0.000	0.002	0.006	0.008	0.983
ṣṭh	0.2745	0.000	0.000	0.000	0.000	0.000	0.003	0.049	0.948
ṣaṇ	0.2735	0.000	0.000	0.000	0.000	0.000	0.002	0.014	0.984
hay	0.2729	0.050	0.000	0.010	0.000	0.018	0.033	0.006	0.933
taṃ	0.2725	0.000	0.820	0.000	0.154	0.000	0.000	0.022	0.824
daś	0.2721	0.021	0.027	0.000	0.000	0.001	0.005	0.500	0.494
sar	0.2684	0.024	0.000	0.023	0.018	0.003	0.003	0.004	0.950
ḥta	0.2658	0.919	0.000	0.150	0.134	0.000	0.005	0.003	0.709
cav	0.2651	0.854	0.000	0.616	0.000	0.032	0.000	0.064	0.288
nam	0.2640	0.134	0.431	0.120	0.015	0.004	0.006	0.013	0.843
dra	0.2623	0.020	0.094	0.010	0.000	0.001	0.002	0.009	0.978
adh	0.2606	0.141	0.000	0.007	0.000	0.003	0.005	0.028	0.957
bhu	0.2600	0.000	0.002	0.000	0.000	0.031	0.002	0.033	0.934
cat	0.2583	0.530	0.003	0.375	0.000	0.013	0.001	0.230	0.381
van	0.2578	0.103	0.087	0.034	0.004	0.009	0.002	0.015	0.937
vāt	0.2570	0.484	0.054	0.247	0.000	0.193	0.002	0.017	0.541
āpa	0.2561	0.171	0.044	0.006	0.000	0.007	0.018	0.023	0.946
aṇā	0.2549	0.001	0.193	0.000	0.000	0.001	0.002	0.017	0.979
vit	0.2524	0.033	0.040	0.017	0.000	0.001	0.001	0.089	0.892
aja	0.2506	0.211	0.047	0.000	0.000	0.015	0.003	0.018	0.965
mit	0.2500	0.268	0.000	0.083	0.000	0.006	0.001	0.013	0.896
yaḥ	0.2449	0.000	0.855	0.013	0.128	0.000	0.000	0.052	0.807
yās	0.2447	0.286	0.057	0.000	0.068	0.005	0.003	0.012	0.912
śat	0.2440	0.032	0.048	0.000	0.000	0.000	0.002	0.340	0.657
hāy	0.2436	0.104	0.000	0.042	0.000	0.001	0.001	0.014	0.942
dad	0.2432	0.031	0.007	0.004	0.000	0.079	0.032	0.005	0.881
uta	0.2410	0.229	0.038	0.081	0.066	0.002	0.001	0.014	0.837
aya	0.2404	0.110	0.065	0.020	0.040	0.022	0.002	0.022	0.894
ity	0.2403	0.005	0.003	0.140	0.000	0.035	0.005	0.011	0.809
nāt	0.2399	0.081	0.145	0.007	0.000	0.085	0.002	0.009	0.897
ari	0.2388	0.008	0.047	0.007	0.000	0.002	0.015	0.006	0.970
amu	0.2376	0.341	0.001	0.003	0.020	0.011	0.011	0.016	0.939
hāv	0.2375	0.170	0.013	0.095	0.000	0.001	0.006	0.012	0.885
laṃ	0.2375	0.000	0.905	0.000	0.000	0.001	0.001	0.017	0.981
itā	0.2337	0.037	0.298	0.000	0.013	0.001	0.001	0.010	0.975
paś	0.2336	0.009	0.029	0.019	0.000	0.001	0.008	0.006	0.966
rād	0.2335	0.099	0.043	0.012	0.000	0.001	0.005	0.049	0.933
āśc	0.2329	0.486	0.000	0.000	0.000	0.000	0.000	0.024	0.975
aiś	0.2319	0.046	0.258	0.034	0.003	0.000	0.003	0.016	0.944
bhy	0.2318	0.000	0.000	0.000	0.002	0.001	0.012	0.030	0.955
āṃp	0.2301	0.960	0.000	0.000	0.075	0.000	0.000	0.026	0.899
sad	0.2289	0.127	0.004	0.323	0.089	0.011	0.003	0.004	0.571
vāp	0.2283	0.425	0.000	0.325	0.000	0.148	0.036	0.022	0.469
tyā	0.2281	0.033	0.353	0.002	0.000	0.002	0.003	0.032	0.961
nti	0.2264	0.000	0.828	0.000	0.000	0.000	0.001	0.004	0.995
mad	0.2259	0.120	0.009	0.017	0.012	0.004	0.004	0.008	0.955
aṃc	0.2235	0.910	0.000	0.008	0.019	0.001	0.001	0.025	0.946
rma	0.2231	0.084	0.084	0.000	0.005	0.000	0.002	0.007	0.986
aṃy	0.2207	0.752	0.000	0.017	0.014	0.000	0.001	0.016	0.952
vay	0.2202	0.079	0.000	0.030	0.234	0.006	0.010	0.010	0.710
air	0.2197	0.032	0.416	0.009	0.001	0.002	0.004	0.022	0.962
vin	0.2195	0.010	0.001	0.086	0.000	0.000	0.034	0.007	0.873
akṛ	0.2185	0.361	0.000	0.040	0.000	0.008	0.004	0.015	0.934
cit	0.2179	0.001	0.135	0.126	0.000	0.003	0.002	0.007	0.861
āya	0.2167	0.111	0.355	0.034	0.012	0.004	0.002	0.011	0.937
amā	0.2160	0.197	0.028	0.013	0.029	0.001	0.020	0.029	0.908
api	0.2153	0.145	0.315	0.268	0.000	0.003	0.002	0.017	0.711
thā	0.2152	0.000	0.497	0.388	0.000	0.005	0.003	0.009	0.595
akṣ	0.2148	0.043	0.000	0.000	0.000	0.002	0.006	0.016	0.976
yay	0.2143	0.233	0.000	0.005	0.038	0.104	0.015	0.009	0.829
ima	0.2129	0.406	0.002	0.020	0.033	0.005	0.009	0.011	0.922
and	0.2124	0.040	0.000	0.000	0.000	0.002	0.003	0.016	0.979
ṃva	0.2120	0.910	0.003	0.120	0.011	0.003	0.009	0.002	0.855
hās	0.2112	0.225	0.046	0.140	0.000	0.002	0.001	0.018	0.839
aṅg	0.2102	0.002	0.000	0.000	0.000	0.002	0.004	0.034	0.960
apa	0.2085	0.249	0.014	0.003	0.000	0.002	0.005	0.037	0.953
ram	0.2076	0.039	0.277	0.019	0.000	0.003	0.004	0.037	0.937
may	0.2069	0.055	0.000	0.003	0.291	0.005	0.006	0.010	0.685
sva	0.2068	0.006	0.047	0.009	0.042	0.001	0.004	0.008	0.936
has	0.2059	0.111	0.027	0.056	0.000	0.011	0.001	0.104	0.827
rāṇ	0.2049	0.001	0.001	0.000	0.000	0.001	0.003	0.019	0.977
ṅga	0.2045	0.002	0.032	0.002	0.000	0.001	0.003	0.026	0.968
daṃ	0.2038	0.001	0.817	0.000	0.000	0.000	0.001	0.018	0.981
ipr	0.2036	0.293	0.000	0.001	0.000	0.007	0.007	0.008	0.977
maṇ	0.2029	0.002	0.000	0.000	0.000	0.001	0.002	0.008	0.989
rai	0.2012	0.042	0.009	0.039	0.000	0.001	0.001	0.020	0.939
yas	0.2006	0.297	0.039	0.005	0.088	0.001	0.014	0.010	0.883
viś	0.1986	0.005	0.001	0.018	0.000	0.001	0.011	0.010	0.959
śca	0.1985	0.495	0.330	0.448	0.000	0.002	0.003	0.019	0.529
nān	0.1983	0.055	0.075	0.004	0.000	0.001	0.005	0.012	0.978
kṣi	0.1978	0.000	0.015	0.000	0.000	0.006	0.015	0.006	0.973
rap	0.1976	0.219	0.000	0.106	0.000	0.005	0.021	0.024	0.844
ṃca	0.1962	0.942	0.005	0.717	0.000	0.015	0.007	0.018	0.242
hit	0.1937	0.046	0.000	0.031	0.000	0.036	0.001	0.006	0.927
adv	0.1916	0.294	0.000	0.000	0.073	0.001	0.003	0.166	0.757
asā	0.1916	0.177	0.255	0.027	0.000	0.002	0.004	0.015	0.953
āṇi	0.1911	0.001	0.677	0.000	0.000	0.000	0.002	0.029	0.968
āsa	0.1898	0.303	0.129	0.038	0.030	0.054	0.005	0.014	0.860
ḥpu	0.1898	0.947	0.000	0.224	0.000	0.001	0.003	0.003	0.770
nya	0.1896	0.119	0.017	0.031	0.006	0.002	0.030	0.010	0.921
vat	0.1893	0.098	0.108	0.071	0.011	0.006	0.002	0.015	0.894
aiḥ	0.1872	0.000	0.985	0.010	0.021	0.000	0.000	0.035	0.934
una	0.1867	0.094	0.006	0.384	0.004	0.004	0.002	0.006	0.600
dān	0.1865	0.064	0.046	0.045	0.000	0.001	0.002	0.015	0.937
aṃś	0.1848	0.680	0.016	0.016	0.020	0.001	0.003	0.017	0.943
ham	0.1840	0.085	0.481	0.034	0.039	0.010	0.004	0.014	0.899
ṃya	0.1812	0.927	0.001	0.205	0.144	0.044	0.014	0.002	0.591
ṃpa	0.1809	0.889	0.000	0.005	0.000	0.001	0.015	0.038	0.940
ada	0.1801	0.174	0.065	0.002	0.026	0.032	0.005	0.026	0.908
āta	0.1784	0.293	0.073	0.097	0.073	0.004	0.005	0.009	0.813
āḥs	0.1746	0.978	0.000	0.000	0.036	0.000	0.000	0.030	0.933
aca	0.1741	0.610	0.020	0.487	0.000	0.008	0.001	0.025	0.479
tad	0.1735	0.024	0.037	0.275	0.112	0.002	0.002	0.025	0.584
akā	0.1729	0.168	0.037	0.000	0.005	0.036	0.010	0.029	0.920
āśa	0.1724	0.205	0.008	0.001	0.000	0.002	0.009	0.021	0.967
arv	0.1723	0.003	0.000	0.025	0.000	0.001	0.002	0.003	0.969
iti	0.1721	0.032	0.214	0.504	0.000	0.001	0.001	0.005	0.488
ray	0.1718	0.057	0.000	0.028	0.000	0.022	0.054	0.011	0.884
hya	0.1700	0.055	0.129	0.000	0.002	0.001	0.007	0.015	0.975
sam	0.1698	0.040	0.029	0.013	0.030	0.004	0.023	0.007	0.923
cam	0.1696	0.726	0.016	0.543	0.000	0.014	0.002	0.072	0.369
ann	0.1695	0.103	0.106	0.000	0.000	0.003	0.005	0.008	0.984
ṃta	0.1665	0.869	0.005	0.260	0.190	0.003	0.004	0.002	0.542
apr	0.1656	0.430	0.000	0.003	0.000	0.007	0.008	0.014	0.969
vam	0.1630	0.170	0.382	0.064	0.065	0.012	0.005	0.031	0.824
yaṃ	0.1628	0.000	0.926	0.042	0.013	0.000	0.000	0.011	0.933
yān	0.1627	0.114	0.123	0.000	0.025	0.001	0.003	0.011	0.959
arm	0.1624	0.004	0.000	0.000	0.000	0.001	0.002	0.006	0.991
asy	0.1623	0.011	0.004	0.000	0.179	0.000	0.003	0.013	0.806
trā	0.1617	0.000	0.130	0.001	0.000	0.002	0.003	0.022	0.972
tat	0.1608	0.012	0.012	0.320	0.038	0.002	0.002	0.008	0.630
par	0.1600	0.002	0.000	0.013	0.000	0.000	0.009	0.011	0.966
kṛt	0.1596	0.000	0.026	0.160	0.000	0.010	0.002	0.007	0.821
tri	0.1579	0.000	0.007	0.000	0.000	0.001	0.002	0.478	0.519
ani	0.1559	0.338	0.083	0.014	0.000	0.000	0.010	0.009	0.966
ant	0.1553	0.001	0.000	0.006	0.000	0.001	0.002	0.009	0.982
āṃt	0.1534	0.804	0.000	0.000	0.060	0.001	0.001	0.025	0.914
haṃ	0.1534	0.000	0.924	0.000	0.000	0.000	0.000	0.016	0.983
aḥś	0.1533	0.954	0.000	0.033	0.041	0.000	0.000	0.020	0.905
cak	0.1522	0.370	0.000	0.267	0.000	0.075	0.002	0.020	0.637
āḥp	0.1520	0.982	0.000	0.000	0.040	0.000	0.000	0.030	0.930
āvi	0.1490	0.508	0.004	0.008	0.000	0.002	0.006	0.007	0.976
mas	0.1489	0.210	0.042	0.009	0.037	0.018	0.002	0.012	0.922
ala	0.1481	0.048	0.011	0.001	0.000	0.001	0.005	0.013	0.981
ḥka	0.1476	0.960	0.000	0.022	0.023	0.001	0.002	0.003	0.949
ukh	0.1473	0.015	0.000	0.002	0.000	0.001	0.003	0.024	0.971
aṃd	0.1472	0.824	0.000	0.018	0.049	0.000	0.001	0.019	0.913
raś	0.1458	0.107	0.098	0.041	0.000	0.004	0.003	0.091	0.862
riy	0.1429	0.008	0.000	0.000	0.000	0.001	0.003	0.014	0.982
ṇāṃ	0.1427	0.000	0.905	0.000	0.000	0.000	0.000	0.019	0.981
haḥ	0.1411	0.000	0.973	0.006	0.000	0.000	0.000	0.024	0.970
aga	0.1400	0.179	0.007	0.012	0.000	0.002	0.001	0.014	0.971
rad	0.1392	0.084	0.006	0.042	0.000	0.004	0.009	0.018	0.927
āna	0.1381	0.149	0.024	0.042	0.009	0.002	0.004	0.013	0.930
yap	0.1381	0.568	0.000	0.030	0.061	0.000	0.002	0.011	0.896
dhā	0.1379	0.000	0.135	0.003	0.000	0.001	0.006	0.051	0.939
saṃ	0.1373	0.000	0.096	0.000	0.000	0.001	0.007	0.011	0.980
āpr	0.1370	0.653	0.000	0.002	0.000	0.030	0.006	0.004	0.957
yat	0.1361	0.108	0.041	0.145	0.032	0.001	0.001	0.005	0.816
ubh	0.1353	0.141	0.000	0.001	0.003	0.003	0.004	0.005	0.984
aiv	0.1349	0.084	0.000	0.419	0.002	0.000	0.002	0.015	0.562
kra	0.1328	0.000	0.044	0.000	0.000	0.001	0.005	0.107	0.886
nta	0.1275	0.002	0.076	0.009	0.001	0.004	0.007	0.013	0.967
ena	0.1263	0.088	0.715	0.043	0.137	0.000	0.001	0.016	0.803
āpi	0.1254	0.063	0.687	0.338	0.000	0.000	0.002	0.009	0.650
ndh	0.1252	0.057	0.000	0.000	0.000	0.002	0.004	0.016	0.978
rvā	0.1246	0.061	0.101	0.017	0.000	0.002	0.004	0.011	0.967
bhū	0.1245	0.000	0.001	0.000	0.000	0.089	0.003	0.012	0.896
vār	0.1233	0.129	0.000	0.064	0.000	0.040	0.003	0.157	0.735
ibh	0.1228	0.216	0.000	0.001	0.003	0.002	0.006	0.085	0.903
kar	0.1212	0.001	0.000	0.003	0.000	0.000	0.001	0.010	0.985
auv	0.1195	0.940	0.000	0.000	0.005	0.867	0.000	0.004	0.123
alā	0.1168	0.012	0.130	0.000	0.000	0.002	0.003	0.021	0.974
ivā	0.1168	0.168	0.051	0.084	0.000	0.001	0.008	0.011	0.896
vac	0.1141	0.383	0.016	0.240	0.008	0.006	0.001	0.009	0.736
ṃpr	0.1137	0.872	0.000	0.051	0.000	0.028	0.018	0.001	0.903
ṇam	0.1136	0.091	0.553	0.000	0.000	0.002	0.005	0.014	0.980
āṇā	0.1134	0.000	0.050	0.000	0.000	0.001	0.002	0.014	0.984
lok	0.1123	0.001	0.000	0.000	0.000	0.000	0.006	0.021	0.974
ṇḍa	0.1121	0.000	0.011	0.000	0.000	0.001	0.003	0.012	0.984
hāt	0.1092	0.122	0.062	0.070	0.000	0.004	0.003	0.016	0.907
bha	0.1091	0.000	0.015	0.000	0.017	0.005	0.044	0.007	0.927
aṃn	0.1077	0.909	0.000	0.016	0.029	0.000	0.001	0.017	0.936
muk	0.1073	0.071	0.000	0.024	0.000	0.025	0.003	0.021	0.927
aṃb	0.1063	0.747	0.000	0.024	0.021	0.001	0.001	0.016	0.937
uvā	0.1059	0.036	0.011	0.010	0.000	0.769	0.000	0.001	0.219
ara	0.1040	0.040	0.046	0.000	0.000	0.001	0.001	0.015	0.983
yak	0.1038	0.290	0.020	0.005	0.029	0.047	0.002	0.013	0.904
arṇ	0.1037	0.000	0.000	0.000	0.000	0.001	0.002	0.028	0.969
tra	0.1037	0.000	0.318	0.220	0.000	0.001	0.003	0.018	0.758
āka	0.1021	0.320	0.010	0.007	0.010	0.001	0.001	0.007	0.974
tan	0.1011	0.037	0.024	0.000	0.000	0.001	0.002	0.013	0.984
raj	0.1004	0.044	0.000	0.017	0.000	0.001	0.047	0.006	0.928
oma	0.0996	0.610	0.012	0.000	0.075	0.001	0.006	0.005	0.914
āṇa	0.0991	0.001	0.042	0.000	0.000	0.001	0.003	0.011	0.985
ṛta	0.0982	0.000	0.008	0.000	0.000	0.000	0.001	0.007	0.991
urā	0.0966	0.104	0.195	0.146	0.000	0.001	0.002	0.024	0.827
aṃt	0.0953	0.826	0.000	0.015	0.018	0.000	0.001	0.020	0.946
att	0.0947	0.128	0.000	0.008	0.063	0.068	0.002	0.028	0.833
aḥp	0.0947	0.964	0.000	0.064	0.041	0.000	0.000	0.021	0.874
nan	0.0944	0.170	0.013	0.049	0.018	0.001	0.001	0.018	0.913
syā	0.0939	0.003	0.070	0.000	0.043	0.000	0.044	0.008	0.904
iva	0.0934	0.082	0.418	0.337	0.004	0.001	0.007	0.018	0.633
tas	0.0914	0.033	0.089	0.032	0.229	0.001	0.001	0.017	0.719
dar	0.0913	0.023	0.000	0.000	0.000	0.005	0.008	0.009	0.978
tāḥ	0.0901	0.000	0.960	0.000	0.032	0.000	0.000	0.011	0.957
nir	0.0898	0.029	0.044	0.001	0.000	0.001	0.013	0.006	0.979
rab	0.0878	0.107	0.000	0.034	0.000	0.013	0.007	0.015	0.932
maṃ	0.0876	0.004	0.782	0.000	0.000	0.001	0.002	0.024	0.973
ḥpa	0.0867	0.978	0.000	0.015	0.000	0.000	0.009	0.069	0.906
nām	0.0864	0.041	0.304	0.002	0.000	0.001	0.002	0.015	0.980
aśc	0.0861	0.439	0.000	0.008	0.000	0.001	0.003	0.018	0.969
uru	0.0846	0.057	0.081	0.000	0.000	0.001	0.002	0.005	0.992
san	0.0835	0.069	0.050	0.000	0.051	0.015	0.004	0.011	0.919
ātm	0.0832	0.003	0.000	0.000	0.000	0.000	0.003	0.013	0.984
naṃ	0.0830	0.000	0.940	0.000	0.009	0.000	0.001	0.011	0.979
ānā	0.0828	0.111	0.035	0.002	0.004	0.000	0.001	0.015	0.977
ātā	0.0828	0.147	0.367	0.000	0.052	0.001	0.001	0.009	0.936
pra	0.0826	0.000	0.006	0.022	0.000	0.004	0.013	0.006	0.955
nār	0.0818	0.042	0.000	0.003	0.000	0.001	0.003	0.007	0.986
vāc	0.0817	0.075	0.004	0.026	0.000	0.706	0.001	0.001	0.266
inā	0.0800	0.101	0.321	0.072	0.000	0.001	0.005	0.010	0.912
eśa	0.0796	0.157	0.133	0.001	0.000	0.001	0.011	0.020	0.966
taḥ	0.0789	0.000	0.981	0.025	0.000	0.000	0.000	0.008	0.967
ṣṭa	0.0788	0.000	0.029	0.000	0.000	0.001	0.004	0.073	0.921
ath	0.0774	0.001	0.000	0.385	0.000	0.004	0.002	0.009	0.600
ṇaṃ	0.0769	0.000	0.989	0.000	0.000	0.000	0.000	0.032	0.968
dhi	0.0766	0.000	0.084	0.003	0.000	0.002	0.005	0.012	0.978
vaṃ	0.0764	0.002	0.886	0.149	0.000	0.001	0.000	0.010	0.841
vak	0.0748	0.180	0.002	0.076	0.011	0.004	0.002	0.019	0.889
rṇa	0.0746	0.000	0.039	0.000	0.000	0.001	0.002	0.020	0.976
aśā	0.0740	0.165	0.022	0.000	0.000	0.001	0.002	0.097	0.900
rāp	0.0736	0.056	0.000	0.019	0.000	0.001	0.005	0.005	0.971
mya	0.0731	0.102	0.268	0.011	0.000	0.001	0.003	0.007	0.977
śak	0.0712	0.019	0.000	0.000	0.000	0.001	0.003	0.031	0.965
tya	0.0707	0.055	0.179	0.071	0.000	0.027	0.009	0.006	0.887
can	0.0700	0.277	0.007	0.200	0.000	0.006	0.002	0.026	0.766
vad	0.0699	0.129	0.075	0.093	0.008	0.003	0.009	0.010	0.876
ṃst	0.0696	0.550	0.000	0.000	0.000	0.014	0.003	0.009	0.975
iya	0.0685	0.244	0.014	0.050	0.064	0.002	0.003	0.009	0.872
nav	0.0677	0.324	0.000	0.108	0.035	0.001	0.004	0.096	0.756
tha	0.0639	0.000	0.204	0.105	0.000	0.001	0.001	0.016	0.876
ākṣ	0.0612	0.069	0.000	0.000	0.000	0.002	0.004	0.015	0.980
āst	0.0602	0.276	0.000	0.030	0.000	0.003	0.001	0.014	0.952
ṃka	0.0591	0.761	0.001	0.018	0.019	0.002	0.002	0.002	0.957
aṃj	0.0588	0.643	0.000	0.018	0.018	0.001	0.003	0.019	0.941
sta	0.0569	0.355	0.006	0.158	0.079	0.003	0.001	0.015	0.744
vai	0.0565	0.009	0.031	0.352	0.000	0.001	0.002	0.006	0.639
kām	0.0561	0.030	0.075	0.000	0.002	0.000	0.005	0.011	0.981
sād	0.0558	0.082	0.009	0.042	0.000	0.003	0.007	0.012	0.935
ryā	0.0549	0.018	0.168	0.000	0.004	0.002	0.044	0.013	0.937
tay	0.0545	0.045	0.000	0.001	0.090	0.016	0.028	0.037	0.828
vap	0.0540	0.407	0.000	0.181	0.040	0.008	0.005	0.015	0.751
eṇa	0.0531	0.000	0.854	0.001	0.000	0.000	0.001	0.031	0.966
vyā	0.0520	0.000	0.122	0.000	0.000	0.001	0.002	0.010	0.987
atī	0.0519	0.049	0.309	0.015	0.000	0.001	0.001	0.021	0.962
raṇ	0.0516	0.001	0.000	0.000	0.000	0.001	0.002	0.013	0.984
āsā	0.0504	0.282	0.053	0.041	0.005	0.001	0.003	0.009	0.941
udd	0.0501	0.001	0.000	0.000	0.000	0.001	0.007	0.006	0.985
tvā	0.0490	0.005	0.689	0.263	0.010	0.431	0.002	0.018	0.277
thi	0.0478	0.000	0.017	0.000	0.000	0.012	0.001	0.007	0.980
hav	0.0478	0.063	0.000	0.024	0.033	0.011	0.074	0.007	0.852
vya	0.0471	0.002	0.028	0.001	0.000	0.000	0.002	0.010	0.987
ndr	0.0443	0.018	0.000	0.000	0.000	0.001	0.001	0.018	0.979
ṃbh	0.0443	0.741	0.000	0.004	0.013	0.013	0.042	0.003	0.924
ave	0.0434	0.095	0.159	0.000	0.000	0.001	0.199	0.006	0.794
man	0.0433	0.095	0.018	0.004	0.003	0.002	0.004	0.011	0.977
dya	0.0408	0.074	0.289	0.114	0.014	0.001	0.002	0.029	0.841
iḥs	0.0392	0.914	0.000	0.003	0.025	0.000	0.001	0.052	0.918
eṣā	0.0370	0.001	0.039	0.000	0.090	0.000	0.001	0.007	0.903
pur	0.0359	0.000	0.010	0.127	0.000	0.001	0.002	0.025	0.845
kṣa	0.0349	0.000	0.023	0.000	0.000	0.003	0.009	0.017	0.970
pit	0.0345	0.124	0.000	0.044	0.000	0.003	0.001	0.005	0.948
āni	0.0339	0.167	0.636	0.015	0.002	0.001	0.002	0.018	0.962
nāṃ	0.0335	0.000	0.961	0.000	0.000	0.000	0.000	0.019	0.981
ait	0.0325	0.277	0.000	0.189	0.005	0.003	0.002	0.025	0.776
āny	0.0308	0.115	0.123	0.000	0.009	0.000	0.006	0.016	0.969
nna	0.0301	0.218	0.071	0.083	0.007	0.002	0.004	0.014	0.889
avy	0.0292	0.108	0.001	0.000	0.000	0.000	0.002	0.020	0.978
ast	0.0263	0.264	0.000	0.024	0.000	0.003	0.002	0.021	0.949
aṃk	0.0257	0.744	0.000	0.017	0.014	0.000	0.001	0.021	0.947
adā	0.0256	0.063	0.443	0.346	0.008	0.001	0.006	0.018	0.622
ādh	0.0254	0.126	0.000	0.000	0.000	0.003	0.004	0.014	0.979
hiḥ	0.0253	0.000	0.986	0.012	0.013	0.000	0.000	0.159	0.815
nas	0.0249	0.354	0.050	0.133	0.035	0.001	0.002	0.010	0.819
kha	0.0243	0.000	0.010	0.020	0.000	0.001	0.002	0.019	0.957
eya	0.0227	0.253	0.200	0.067	0.039	0.001	0.004	0.002	0.887
atr	0.0224	0.051	0.000	0.373	0.000	0.001	0.002	0.046	0.578
tma	0.0216	0.004	0.003	0.000	0.000	0.000	0.001	0.015	0.984
art	0.0212	0.001	0.000	0.008	0.000	0.001	0.004	0.010	0.977
raṃ	0.0209	0.001	0.934	0.000	0.000	0.000	0.000	0.036	0.963
aṃv	0.0167	0.891	0.000	0.024	0.028	0.000	0.002	0.019	0.927
car	0.0166	0.209	0.000	0.153	0.000	0.011	0.082	0.017	0.736
prā	0.0165	0.000	0.013	0.011	0.000	0.057	0.007	0.003	0.922
aḥs	0.0162	0.956	0.000	0.031	0.036	0.000	0.000	0.022	0.911
vas	0.0159	0.191	0.020	0.081	0.013	0.005	0.007	0.014	0.879
āla	0.0157	0.053	0.046	0.000	0.000	0.003	0.009	0.019	0.969
āra	0.0147	0.053	0.061	0.000	0.000	0.025	0.015	0.033	0.927
ḥpr	0.0139	0.974	0.000	0.005	0.000	0.038	0.009	0.001	0.946
ṃna	0.0129	0.952	0.001	0.418	0.016	0.012	0.012	0.026	0.516
āca	0.0109	0.223	0.602	0.181	0.000	0.504	0.017	0.007	0.291
nat	0.0107	0.464	0.020	0.201	0.045	0.031	0.001	0.011	0.710
pad	0.0105	0.011	0.006	0.000	0.000	0.000	0.004	0.021	0.974
obh	0.0103	0.554	0.000	0.010	0.014	0.041	0.046	0.006	0.884
eṣu	0.0094	0.000	0.926	0.000	0.054	0.000	0.000	0.016	0.929
tam	0.0093	0.025	0.449	0.002	0.047	0.001	0.002	0.057	0.891
ita	0.0091	0.104	0.007	0.025	0.028	0.001	0.001	0.011	0.935
ras	0.0087	0.112	0.031	0.044	0.001	0.007	0.002	0.020	0.926
aṃp	0.0087	0.833	0.000	0.018	0.024	0.000	0.001	0.018	0.939
cas	0.0080	0.846	0.008	0.615	0.000	0.016	0.001	0.019	0.349
iśc	0.0076	0.399	0.000	0.000	0.000	0.000	0.005	0.029	0.966
ṭha	0.0074	0.000	0.173	0.000	0.000	0.001	0.002	0.035	0.961
yāṃ	0.0066	0.000	0.897	0.000	0.014	0.000	0.000	0.055	0.930
bhā	0.0058	0.000	0.045	0.000	0.000	0.001	0.004	0.014	0.981
hān	0.0057	0.062	0.150	0.029	0.000	0.002	0.002	0.015	0.952
ajā	0.0051	0.161	0.084	0.005	0.000	0.000	0.002	0.008	0.984
rāh	0.0047	0.042	0.000	0.004	0.000	0.123	0.002	0.006	0.865
ame	0.0045	0.361	0.129	0.004	0.036	0.000	0.004	0.039	0.916
cai	0.0045	0.010	0.001	0.511	0.000	0.000	0.002	0.015	0.471
anā	0.0039	0.104	0.130	0.002	0.000	0.001	0.002	0.025	0.970
ṃsa	0.0038	0.866	0.008	0.047	0.060	0.002	0.018	0.019	0.855
mār	0.0036	0.085	0.000	0.004	0.000	0.001	0.007	0.009	0.980
rth	0.0034	0.000	0.000	0.000	0.000	0.001	0.002	0.032	0.965
sur	0.0033	0.006	0.036	0.001	0.000	0.002	0.001	0.008	0.989
tar	0.0033	0.015	0.010	0.009	0.000	0.002	0.004	0.034	0.950
raḥ	0.0031	0.000	0.966	0.000	0.000	0.000	0.000	0.016	0.984
cap	0.0027	0.884	0.000	0.649	0.000	0.019	0.002	0.027	0.304
ten	0.0016	0.200	0.000	0.000	0.291	0.000	0.002	0.008	0.699
atv	0.0009	0.229	0.006	0.127	0.043	0.154	0.003	0.060	0.613
āva	0.0004	0.215	0.028	0.052	0.006	0.003	0.008	0.010	0.922
