text	words	saiva	vaisnava	goddess	sect_total	saiva_polarity	speech	vocative	iti	optative	imperative	log_len
agnipurana_u	91768	5.6992	6.4293	1.9615	14.0899	-0.0518	3.3781	0.6647	4.4569	35.6551	2.0377	11.4270
bhagavatapurana_skandha-01_u	7558	1.1908	9.7909	0.5292	11.5110	-0.7471	11.5110	5.6893	3.0431	3.4401	1.5877	8.9304
bhagavatapurana_skandha-02_u	3875	1.0323	8.0000	1.8065	10.8387	-0.6429	8.5161	5.6774	3.8710	5.6774	1.0323	8.2623
bhagavatapurana_skandha-03_u	13740	1.1645	6.3319	0.9461	8.4425	-0.6121	6.4047	3.1295	3.9301	3.9301	0.7278	9.5281
bhagavatapurana_skandha-04_u	14031	1.9243	4.9890	1.1403	8.0536	-0.3805	7.2696	5.6304	2.8508	5.1315	0.7840	9.5490
bhagavatapurana_skandha-05_u	9252	0.7566	3.1345	0.3243	4.2153	-0.5641	7.0255	2.0536	8.8629	2.3779	1.4051	9.1326
bhagavatapurana_skandha-06_u	8389	2.2649	8.1059	1.3112	11.6820	-0.5000	13.7084	7.0330	3.6953	7.2714	2.5033	9.0347
bhagavatapurana_skandha-07_u	7247	1.1039	8.4173	0.2760	9.7972	-0.7465	13.6608	6.6234	3.7257	11.0391	1.3799	8.8883
bhagavatapurana_skandha-08_u	9037	1.2172	9.0738	1.2172	11.5082	-0.6827	13.9427	7.4140	3.9836	4.5369	1.2172	9.1091
bhagavatapurana_skandha-09_u	8496	1.1770	4.4727	0.8239	6.4736	-0.5091	11.8879	6.5913	6.1205	3.0603	0.8239	9.0474
bhagavatapurana_skandha-10_adhyaya-29-33_w_commentary	6870	0.7278	13.2460	0.1456	14.1194	-0.8866	9.3159	1.1645	39.0102	4.6579	2.3290	8.8349
bhagavatapurana_skandha-10_u	40850	0.7344	13.9535	1.0037	15.6916	-0.8424	11.7993	6.0465	5.1408	2.3990	1.1016	10.6177
bhagavatapurana_skandha-11_u	12864	0.6219	6.2189	0.3887	7.2295	-0.7742	10.4944	3.8091	2.6430	13.0597	0.4664	9.4622
bhagavatapurana_skandha-12_u	5347	1.6832	7.4808	0.3740	9.5381	-0.6078	10.4732	7.1068	4.3015	4.1145	0.5611	8.5843
bhavisyapurana	211387	3.3872	7.5880	1.4996	12.4748	-0.3367	8.7139	5.4781	6.4053	21.7658	1.4003	12.2614
brahmandapurana	56028	2.8557	2.4274	4.6227	9.9058	0.0432	7.3892	3.1056	5.0867	5.2474	1.9276	10.9336
brahmandapurana_khanda-1_u	4098	3.9043	1.4641	0.7321	6.1005	0.4000	17.5695	2.9283	5.8565	4.8804	2.4402	8.3183
brahmandapurana_khanda-2_u	23124	2.3785	2.8974	0.6919	5.9678	-0.0870	12.0221	6.5300	4.8867	3.7191	3.1136	10.0486
brahmandapurana_khanda-3_u	33709	2.9962	2.1063	7.6241	12.7266	0.0699	2.2843	1.0680	4.9542	6.6154	1.0086	10.4255
brahmapurana_pu	75411	4.8534	7.3862	0.9945	13.2341	-0.1914	19.7319	8.1553	6.3253	8.1288	2.0421	11.2307
devibhagavatapurana	178378	2.5732	6.2844	5.1015	13.9591	-0.2659	10.8309	4.8436	5.1688	9.2837	1.9117	12.0917
devibhagavatapurana_devigita_adhyaya-31-40	4526	3.7561	1.3257	7.9540	13.0358	0.1864	6.4074	3.3142	7.2912	23.6412	0.6628	8.4176
devipurana	38835	6.6692	4.0170	9.7335	20.4197	0.1299	3.3475	3.3732	2.4720	19.2867	2.3175	10.5671
garudapurana_khanda-1_u	63853	4.9802	5.6693	0.7830	11.4325	-0.0603	2.6310	0.8927	3.7743	27.5007	2.4431	11.0643
garudapurana_khanda-2_u	23604	1.1862	7.0327	0.2966	8.5155	-0.6866	7.8377	1.8641	3.6435	27.5801	1.4404	10.0692
garudapurana_khanda-3_u	25512	4.5469	24.7727	3.4886	32.8081	-0.6165	8.8194	4.2333	7.0163	8.4666	0.9407	10.1469
harivamsa	35339	0.7640	15.0825	0.8772	16.7237	-0.8562	9.1400	3.7353	4.1597	2.9146	1.0753	10.4727
harivamsa_appendix-29-30_mathura	19078	2.3587	13.2089	0.9959	16.5636	-0.6551	6.5520	7.4955	4.7699	6.2900	1.6249	9.8563
harivamsa_appendix-31	15263	4.0621	25.4210	0.4586	29.9417	-0.7133	8.7794	13.2346	9.2380	2.3586	1.3759	9.6332
harivamsa_appendix-41	6262	1.1179	7.1862	1.7566	10.0607	-0.6032	5.9087	7.3459	1.2775	3.8326	1.1179	8.7423
harivamsa_appendix-42_pradurbhava	10991	1.1828	3.6393	1.2738	6.0959	-0.4030	7.8246	1.1828	1.3648	1.1828	0.7279	9.3048
kalikapurana	74038	9.0089	5.2270	5.7673	20.0032	0.1891	7.3071	2.3772	4.5247	18.1393	3.3091	11.2123
karatoyamahatmya_pu	845	7.1006	15.3846	8.2840	30.7692	-0.2692	4.7337	3.5503	5.9172	11.8343	1.1834	6.7393
kirfel_ppl_textgruppe_IIA_col1	4868	2.0542	7.6007	0.6163	10.2712	-0.5400	4.7247	4.7247	5.5464	0.2054	1.6434	8.4904
kirfel_ppl_textgruppe_IIB_col1	13668	2.7802	1.0975	1.3901	5.2678	0.3194	2.7071	1.2438	8.2675	3.8045	0.7316	9.5228
kirfel_ppl_textgruppe_III_col1	2819	1.4189	5.6758	0.3547	7.4495	-0.5714	6.0305	3.5474	6.0305	2.4832	0.0000	7.9441
kirfel_ppl_textgruppe_II_col1	7899	1.2660	4.8107	0.2532	6.3299	-0.5600	5.8235	2.1522	6.7097	6.8363	1.3926	8.9745
kirfel_ppl_textgruppe_I_col1	22022	1.0444	3.0878	0.7265	4.8588	-0.4206	5.7670	5.3129	6.7206	3.5419	0.6357	9.9998
kirfel_ppl_textgruppe_Ia_col1	5654	1.9455	4.2448	0.8843	7.0746	-0.3250	3.3605	2.2993	5.8366	3.0067	1.9455	8.6401
kirfel_ppl_ungrouped_col1	12262	1.0602	5.2194	1.6311	7.9106	-0.5258	7.0951	3.4252	4.2407	4.0776	1.3048	9.4143
kurmapurana_khanda-1_u	17386	12.1937	16.0474	4.7164	32.9576	-0.1169	10.2381	4.8890	3.4511	4.0262	0.8628	9.7634
kurmapurana_khanda-2_u	13784	10.9547	6.0215	2.6117	19.5879	0.2519	8.2705	2.6843	5.8038	25.3192	0.9431	9.5313
lingapurana_khanda-1_u	32408	15.7060	6.2330	2.8697	24.8087	0.3818	11.7255	5.5850	4.3816	10.7998	2.0057	10.3862
lingapurana_khanda-2_u	19056	15.7431	8.4488	3.2011	27.3929	0.2663	7.7141	2.6763	6.2448	19.5739	0.6822	9.8551
mahabharata_01-adiparvan	63171	0.3641	2.2162	0.6015	3.1818	-0.5821	15.7667	7.3135	6.6961	4.3216	1.4880	11.0536
mahabharata_02-appendix-21_sisupala	4319	0.6946	21.0697	0.2315	21.9958	-0.9263	2.7784	10.8821	3.2415	1.1577	0.2315	8.3708
mahabharata_02-sabhaparvan	23218	0.3015	6.2021	0.1723	6.6759	-0.8839	13.4809	10.2507	3.9624	4.3931	1.9382	10.0527
mahabharata_03-aranyakaparvan	90122	1.0652	2.0306	0.7434	3.8392	-0.2514	14.2695	9.2208	4.6271	4.7158	1.3870	11.4089
mahabharata_04-virataparvan	18288	0.2187	0.8749	0.6015	1.6951	-0.3871	12.3031	5.5774	3.3902	6.3976	3.1168	9.8140
mahabharata_05-udyogaparvan	59871	0.4343	7.6331	0.5178	8.5851	-0.8385	10.3055	7.9337	3.8082	7.6164	2.2883	10.9999
mahabharata_06-bhismaparvan	46323	0.3022	3.1086	1.0578	4.4686	-0.6280	7.1671	11.3766	2.4394	2.8711	0.7987	10.7434
mahabharata_07-appendix-08_sodasarajika	4171	0.9590	0.4795	0.4795	1.9180	0.2500	11.7478	2.3975	8.3913	1.1988	0.9590	8.3359
mahabharata_07-dronaparvan	74729	0.6289	4.2152	1.3783	6.2225	-0.5763	6.4634	8.2699	2.0206	3.9877	0.8564	11.2216
mahabharata_08-karnaparvan	38944	0.5392	4.2112	0.8217	5.5721	-0.6590	6.7790	9.0129	2.8759	4.0828	1.4123	10.5699
mahabharata_09-salyaparvan	29536	0.4063	3.1826	0.7110	4.2998	-0.6457	7.2454	11.6468	2.3361	3.0471	1.0496	10.2934
mahabharata_10-sauptikaparvan	7144	1.8197	2.0997	0.9798	4.8992	-0.0571	8.2587	8.8186	4.0594	4.4793	1.3998	8.8740
mahabharata_11-striparvan	7051	0.2836	8.3676	0.2836	8.9349	-0.9048	9.9277	7.5167	1.9855	2.8365	0.9928	8.8609
mahabharata_12-appendix-29_moksadharma	6223	0.6428	0.6428	0.8035	2.0890	0.0000	9.6417	5.6243	14.9446	9.9630	1.2856	8.7360
mahabharata_12-santiparvan	104812	0.8014	2.8718	0.4389	4.1121	-0.5035	12.2887	6.9076	5.1902	13.3095	1.1544	11.5599
mahabharata_13-anusasanaparvan	51657	1.6455	2.3617	0.3872	4.3944	-0.1630	15.2351	8.1886	4.8783	11.2279	2.3230	10.8524
mahabharata_13-appendix-15_umamahesvara	20042	14.9187	0.8981	0.8482	16.6650	0.8413	0.6486	7.0352	4.7899	20.1577	0.7983	9.9056
mahabharata_14-appendix-04_vaisnavadharma	12641	1.3448	3.5598	0.4746	5.3793	-0.4118	9.0974	8.4645	2.9270	23.2577	0.9493	9.4447
mahabharata_14-asvamedhikaparvan	24006	0.6248	4.9988	0.4999	6.1235	-0.7143	12.9551	7.2065	6.9983	4.9571	1.5829	10.0861
mahabharata_15-asramavasikaparvan	10674	0.6558	0.4684	1.0305	2.1548	0.0870	11.0549	10.3054	7.2138	4.1222	1.6863	9.2756
mahabharata_16-mausalaparvan	2698	0.3706	12.9726	0.3706	13.7139	-0.9189	8.8955	11.1193	4.0771	1.8532	1.8532	7.9003
mahabharata_17-mahaprasthanikaparvan	1004	0.0000	0.0000	0.0000	0.0000	0.0000	23.9044	7.9681	2.9880	0.9960	1.9920	6.9117
mahabharata_18-svargarohanaparvan	1708	0.0000	0.5855	0.0000	0.5855	-1.0000	7.6112	13.4660	2.3419	3.5129	1.7564	7.4431
markandeyapurana	44018	0.4771	1.0223	3.1124	4.6117	-0.1182	16.9476	4.4527	6.0884	4.2483	2.6353	10.6924
markandeyapurana_adhyaya-1-80_u	26794	0.2613	1.0450	0.3359	1.6422	-0.4773	15.7871	4.0681	6.1208	5.0384	2.0154	10.1959
markandeyapurana_adhyaya-81-93_devimahatmya_u	4826	2.2793	2.4865	24.2437	29.0095	-0.0071	14.2976	5.5947	5.3875	1.2433	5.5947	8.4818
markandeyapurana_adhyaya-94-141_u	12398	0.2420	0.4033	0.8872	1.5325	-0.1053	20.4872	4.8395	6.2913	3.7103	2.8230	9.4253
matsyapurana_pu	52429	2.7084	3.5286	1.0109	7.2479	-0.1132	15.0298	2.7656	3.6049	16.6892	2.0599	10.8672
naradapurana_khanda-1_u	107130	3.0710	8.3917	2.1096	13.5723	-0.3920	2.8190	1.7735	3.9298	27.4713	2.1003	11.5818
naradapurana_khanda-2_u	22236	1.8439	5.9813	0.9894	8.8145	-0.4694	6.4760	8.5447	2.2036	11.8726	1.6640	10.0095
nilamatapurana_au	12271	6.0305	4.9711	3.1782	14.1798	0.0747	12.5499	4.8081	6.6824	10.3496	0.4075	9.4150
nrsimhapurana_pu	28647	1.1869	12.0781	0.5585	13.8234	-0.7879	13.4045	6.4579	7.8891	8.2033	1.1869	10.2628
padmapurana_a	344712	3.4144	9.8923	1.0066	14.3134	-0.4526	12.2972	4.0643	4.2615	9.9793	1.7725	12.7505
pranavakalpa	15693	5.2890	2.6126	1.4019	9.3035	0.2877	6.2448	2.2940	33.7093	4.3969	4.5880	9.6610
ramayana_01-balakanda	14974	0.6678	1.4692	0.2671	2.4042	-0.3333	6.8786	4.6080	4.6748	2.6713	2.6713	9.6141
ramayana_02-ayodhyakanda_a	29349	0.4429	0.4770	0.7496	1.6696	-0.0204	6.0990	3.1688	4.2932	3.5776	2.2829	10.2870
ramayana_03-aranyakanda_a	19816	0.5551	0.4542	0.3028	1.3121	0.0769	5.1978	1.2616	4.6932	3.4820	0.9084	9.8942
ramayana_04-kiskindhakanda	17542	0.0000	4.9025	0.1710	5.0735	-0.9663	5.0735	1.5392	2.5083	3.2493	1.1401	9.7724
ramayana_05-sundarakanda	23653	0.2114	3.7627	1.8180	5.7921	-0.6131	2.9595	1.3106	2.7903	4.4392	0.7187	10.0712
ramayana_06-yuddhakanda	38653	0.3363	2.9752	0.9572	4.2688	-0.6182	4.7344	1.3970	3.0011	2.4319	1.6040	10.5624
ramayana_07-uttarakanda	21833	1.2367	2.1069	0.8702	4.2138	-0.2065	8.5192	4.3970	4.7634	3.2520	1.5573	9.9912
saurapurana	24834	16.8318	4.6307	2.6979	24.1604	0.5050	12.2413	4.7113	6.8052	11.5567	1.0872	10.1200
sivadharmasastra	6210	52.3349	2.8986	1.2882	56.5217	0.8746	0.9662	0.8052	1.2882	36.8760	11.4332	8.7339
sivadharmottara	6111	27.0005	1.1455	0.6546	28.8005	0.8977	0.1636	0.1636	2.7819	37.3098	1.1455	8.7178
sivapurana_dharmasamhita	27878	8.1785	3.1566	1.4348	12.7699	0.3933	8.2861	3.1207	3.7305	12.2319	3.5153	10.2356
sivapurana_karvanamahatmya_au	2167	11.9982	1.3844	1.3844	14.7670	0.7188	14.7670	7.3835	2.3073	8.3064	0.9229	7.6811
sivapurana_rudrasamhita	80914	20.3920	7.6377	2.2740	30.3038	0.4209	11.3330	4.7087	6.7355	4.0660	1.7549	11.3011
sivapurana_sanatkumarasamhita	19427	12.8172	2.6252	1.4928	16.9352	0.6018	6.7432	2.7282	6.3829	10.6038	2.7796	9.8744
sivapurana_satarudrasamhita_au	5553	25.3917	7.5635	3.2415	36.1967	0.4925	25.0315	4.6822	7.3834	1.9809	1.0805	8.6221
sivapurana_umasamhita	15381	8.9071	4.2910	3.7059	16.9040	0.2731	10.2724	3.1857	4.7461	9.2972	2.5356	9.6409
sivapurana_vayaviyasamhita_au	30180	18.8204	3.7442	4.0093	26.5739	0.5673	6.3618	1.9549	4.6388	19.2180	2.1869	10.3149
sivapurana_vidyesvarasamhita_au	14686	24.3089	2.7237	1.9747	29.0072	0.7441	5.2431	3.6770	7.2178	30.0967	0.8171	9.5946
skandamahapurana_himavatkhanda	19730	8.9204	3.8520	1.3178	14.0902	0.3597	6.8931	3.0917	4.1561	6.1835	2.4835	9.8899
skandamahapurana_kasikhanda	116560	9.1798	3.3202	1.4327	13.9327	0.4206	5.3620	1.2869	16.8668	12.3027	1.9561	11.6662
skandamahapurana_revakhanda	37889	11.9296	4.5396	1.7419	18.2111	0.4058	17.8944	10.2668	2.8504	6.7302	2.5601	10.5424
skandamahapurana_sutasamhita_khanda-4	20612	19.9884	4.6575	2.3773	27.0231	0.5673	1.1644	4.3179	6.5496	14.7002	1.1159	9.9336
skandapurana	78281	3.9218	2.2611	2.2228	8.4056	0.1976	8.6483	2.4527	3.6280	4.8799	1.3413	11.2681
skandapurana_adhyaya-1-31_pu	8675	4.8415	2.3055	3.4582	10.6052	0.2391	13.3718	5.1873	2.7666	6.8012	1.1527	9.0682
skandapurana_pasupata_adhyaya174-183_u	2947	4.7506	1.3573	0.0000	6.1079	0.5556	0.3393	0.3393	4.4113	18.3237	0.0000	7.9885
vamanapurana_saromahatmya_u	5002	9.7961	3.3986	2.7989	15.9936	0.4000	17.3930	2.5990	2.7989	8.1967	1.1995	8.5176
vamanapurana_u	41509	5.3723	6.6010	2.9391	14.9124	-0.0824	9.8533	3.1559	4.8423	3.2041	2.1441	10.6337
vayupurana	21054	4.0372	5.3197	0.9499	10.3068	-0.1244	14.5341	2.1374	4.1322	9.1669	2.9448	9.9548
vayupurana_01_frame-and-cosmogony_iast	983	6.1038	3.0519	0.0000	9.1556	0.3333	12.2075	1.0173	1.0173	3.0519	2.0346	6.8906
vayupurana_02_pashupata-yoga_iast	1220	1.6393	2.4590	0.8197	4.9180	-0.1667	11.4754	0.8197	9.0164	33.6066	0.8197	7.1066
vayupurana_03_kalpas-and-shiva-lineages_iast	3357	8.0429	7.7450	1.4894	17.2773	0.0172	16.6816	3.5746	4.4683	3.5746	0.5958	8.1188
vayupurana_04_bhuvana-vinyasa_iast	5062	2.1731	1.7780	0.0000	3.9510	0.1000	5.1363	1.7780	2.5682	0.9878	2.7657	8.5295
vayupurana_05_jyotis-and-purvardha-close_iast	648	4.6296	0.0000	3.0864	7.7160	0.6000	44.7531	4.6296	6.1728	9.2593	3.0864	6.4739
vayupurana_06_prthu-and-prajapati-lineages_iast	1421	0.7037	2.1112	0.0000	2.8149	-0.5000	15.4821	2.8149	6.3336	2.1112	0.7037	7.2591
vayupurana_07_shraddha-kalpa_iast	894	0.0000	1.1186	1.1186	2.2371	-0.5000	17.8971	0.0000	5.5928	25.7271	0.0000	6.7957
vayupurana_08_manu-candra-vishnu-vamsha_iast	1064	0.0000	0.9398	0.0000	0.9398	-1.0000	41.3534	4.6992	0.0000	8.4586	2.8195	6.9698
vayupurana_09_upasamhara_iast	1575	1.2698	4.4444	2.5397	8.2540	-0.3846	10.7937	1.2698	3.8095	0.0000	0.6349	7.3620
vayupurana_10_gaya-mahatmya_iast	4780	6.4854	12.7615	1.4644	20.7113	-0.3030	7.9498	1.4644	4.8117	18.8285	7.3222	8.4722
vayupurana_revakhanda	44637	7.6394	4.3910	1.9715	14.0018	0.2320	20.0058	10.1037	3.3380	10.5070	1.1874	10.7063
visnudharma_pu	21324	1.1255	20.8216	0.4690	22.4161	-0.8787	1.2662	4.8302	2.6261	9.5198	2.9544	9.9676
visnudharmottarapurana_khanda-3_adhyaya-343-353_pu	2221	2.2512	19.3606	0.4502	22.0621	-0.7755	12.6069	6.7537	2.2512	19.8109	0.9005	7.7057
visnupurana_amsa-1_u	6267	0.9574	14.2014	1.5957	16.7544	-0.7905	31.1154	4.6274	3.8296	1.5957	1.9148	8.7431
visnupurana_amsa-2_u	1642	0.6090	12.1803	3.6541	16.4434	-0.7037	31.6687	0.6090	3.0451	1.2180	1.8270	7.4037
visnupurana_amsa-3_u	4756	0.0000	4.8360	0.4205	5.2565	-0.9200	9.0412	5.2565	1.6821	24.8108	1.8923	8.4672
visnupurana_amsa-4_u	8910	0.3367	3.8159	0.4489	4.6016	-0.7561	9.3154	1.5713	13.2435	1.6835	0.7856	9.0949
visnupurana_amsa-5_u	2796	1.4306	15.7368	0.3577	17.5250	-0.8163	57.9399	2.1459	6.7954	1.7883	1.0730	7.9359
visnupurana_amsa-6_u	945	0.0000	6.3492	2.1164	8.4656	-0.7500	42.3280	5.2910	8.4656	3.1746	2.1164	6.8512
visnupurana_u	25313	0.5531	8.4937	0.9876	10.0344	-0.7913	22.7156	3.1604	7.1900	6.0443	1.4222	10.1391
