feature	class	rho_x
adya	particle	-0.7481
rāja	content	-0.7462
rājan	content	-0.6997
tvām	pronoun	-0.6983
vīra	content	-0.6951
tam	pronoun	-0.6710
rājā	content	-0.6605
raṇe	content	-0.6572
iva	particle	-0.6571
enam	pronoun	-0.6495
tava	pronoun	-0.6379
sma	particle	-0.6276
rājānam	content	-0.6273
ratha	content	-0.6198
tān	pronoun	-0.6184
ratham	content	-0.6165
sa	pronoun	-0.6088
bhṛśam	particle	-0.6043
sahasā	particle	-0.6013
dadarśa	content	-0.5996
śara	content	-0.5985
dhanuḥ	content	-0.5970
śaraiḥ	content	-0.5949
āsīt	verb_narrative	-0.5935
rājñaḥ	content	-0.5843
mā	particle	-0.5841
tvayā	pronoun	-0.5828
āsa	verb_narrative	-0.5799
dṛṣṭvā	particle	-0.5795
kuru	content	-0.5779
śrutvā	particle	-0.5763
prati	particle	-0.5718
mām	pronoun	-0.5707
saha	particle	-0.5637
abravīt	verb_narrative	-0.5626
tāta	content	-0.5587
kva	content	-0.5564
jagāma	verb_narrative	-0.5529
putram	content	-0.5514
diśaḥ	content	-0.5505
asi	content	-0.5497
hatvā	verb_narrative	-0.5474
uktvā	particle	-0.5464
asmi	content	-0.5452
mahā	content	-0.5450
vane	content	-0.5417
sarvān	content	-0.5398
balam	content	-0.5343
vaiśaṃpāyanaḥ	content	-0.5322
tau	pronoun	-0.5199
vayam	pronoun	-0.5189
babhūva	verb_narrative	-0.5167
balaḥ	content	-0.5114
kim	particle	-0.5112
nara	content	-0.5081
putraḥ	content	-0.5047
tām	pronoun	-0.5023
kaḥ	pronoun	-0.5018
prāptaḥ	content	-0.4969
te	pronoun	-0.4941
vākyam	content	-0.4935
śoka	content	-0.4922
rājyam	content	-0.4914
bhārata	content	-0.4885
naḥ	pronoun	-0.4869
bala	content	-0.4839
me	content	-0.4821
ādāya	content	-0.4816
aham	pronoun	-0.4765
śīghram	content	-0.4737
mama	pronoun	-0.4698
mahat	content	-0.4697
bāṇa	content	-0.4693
śreṣṭhaḥ	content	-0.4655
sārdham	content	-0.4636
vanam	content	-0.4621
vacanam	content	-0.4615
ayam	pronoun	-0.4588
ha	particle	-0.4511
vacaḥ	content	-0.4459
yudhiṣṭhiraḥ	content	-0.4385
idam	pronoun	-0.4365
cakāra	verb_narrative	-0.4347
puruṣa	content	-0.4342
abhavat	verb_narrative	-0.4305
imām	pronoun	-0.4291
pituḥ	content	-0.4249
tatas	particle	-0.4207
cakre	content	-0.4191
asya	pronoun	-0.4183
sādhu	content	-0.4157
śreṣṭha	content	-0.4141
nāga	content	-0.4116
yayau	verb_narrative	-0.4113
nṛpa	content	-0.4082
tejasā	content	-0.4078
tadā	particle	-0.4020
cit	particle	-0.3914
mahātmanaḥ	content	-0.3907
eṣa	pronoun	-0.3897
kṛta	content	-0.3790
priya	content	-0.3772
varam	content	-0.3765
lokān	content	-0.3760
rāmaḥ	content	-0.3744
śakra	content	-0.3725
katham	particle	-0.3695
mayā	pronoun	-0.3675
vana	content	-0.3671
bhīṣmaḥ	content	-0.3665
sutaḥ	content	-0.3653
gatim	content	-0.3640
mahān	content	-0.3636
kṛtaḥ	content	-0.3631
gaja	content	-0.3609
āsādya	content	-0.3571
imam	pronoun	-0.3561
svam	pronoun	-0.3549
putrāḥ	content	-0.3533
su	particle	-0.3513
tvam	pronoun	-0.3498
rāma	content	-0.3481
putra	content	-0.3457
bhavān	pronoun	-0.3430
satya	content	-0.3426
muhur	content	-0.3401
hā	content	-0.3393
sarve	content	-0.3389
aśva	content	-0.3382
sarvaśas	content	-0.3326
karmaṇā	content	-0.3317
gṛhītvā	verb_narrative	-0.3316
bhayam	content	-0.3232
pitā	content	-0.3187
varaḥ	content	-0.3184
bhuvi	content	-0.3141
yadi	particle	-0.3132
gataḥ	content	-0.3126
kula	content	-0.3110
bhūmau	content	-0.3106
iyam	pronoun	-0.3093
duḥkha	content	-0.3083
indra	content	-0.3075
kṛtam	content	-0.3058
kila	particle	-0.2979
gatvā	particle	-0.2970
dharmam	content	-0.2960
vaḥ	pronoun	-0.2944
tvad	content	-0.2935
na	particle	-0.2921
uktaḥ	content	-0.2789
mahī	content	-0.2749
parama	content	-0.2734
dadau	verb_narrative	-0.2711
indraḥ	content	-0.2689
sarvāḥ	content	-0.2678
śaraṇam	content	-0.2546
bhaviṣyati	content	-0.2546
kālam	content	-0.2538
āśu	content	-0.2523
vara	content	-0.2509
bhaya	content	-0.2504
gatāḥ	content	-0.2489
nṛpaḥ	content	-0.2461
bahu	content	-0.2454
dānava	content	-0.2435
eṣā	pronoun	-0.2425
mudā	content	-0.2422
āgataḥ	content	-0.2407
dharma	content	-0.2294
yathā	particle	-0.2280
kāmam	content	-0.2272
bhāryā	content	-0.2241
prabho	content	-0.2223
ṛṣi	content	-0.2219
yam	pronoun	-0.2202
sama	content	-0.2143
kṛṣṇaḥ	content	-0.2090
anye	content	-0.2077
duḥkham	content	-0.2074
ṛṣiḥ	content	-0.2042
tena	pronoun	-0.2017
a	particle	-0.1985
patiḥ	content	-0.1947
cāru	content	-0.1923
tāni	content	-0.1861
jātaḥ	content	-0.1832
bhūyas	content	-0.1811
pūrvam	content	-0.1799
abhūt	content	-0.1788
iha	particle	-0.1769
nāradaḥ	content	-0.1749
padma	content	-0.1691
ratna	content	-0.1653
hema	content	-0.1634
brūhi	content	-0.1607
nā	content	-0.1570
ātmā	content	-0.1557
mātā	content	-0.1503
śata	numeral_list	-0.1493
uvāca	verb_narrative	-0.1492
ekaḥ	numeral_list	-0.1470
tasya	pronoun	-0.1430
āha	verb_narrative	-0.1417
loke	content	-0.1403
tyaktvā	verb_narrative	-0.1397
daitya	content	-0.1396
yena	pronoun	-0.1381
ātmanaḥ	content	-0.1378
jaya	content	-0.1362
etat	pronoun	-0.1333
ati	particle	-0.1319
saḥ	pronoun	-0.1272
tapasā	content	-0.1198
taiḥ	pronoun	-0.1191
satatam	content	-0.1186
mad	content	-0.1149
tasmin	pronoun	-0.1145
sukham	content	-0.1126
śrīmān	content	-0.1126
atha	particle	-0.1045
astu	content	-0.1045
nānā	content	-0.1027
sarvatas	content	-0.0999
tale	content	-0.0982
brāhmaṇa	content	-0.0942
jam	content	-0.0907
puram	content	-0.0877
an	content	-0.0867
prāpya	content	-0.0819
gṛham	content	-0.0795
kāmaḥ	content	-0.0761
hari	content	-0.0745
manaḥ	content	-0.0720
yasya	pronoun	-0.0710
vāc	content	-0.0703
teṣām	pronoun	-0.0682
tāḥ	pronoun	-0.0673
dharmaḥ	content	-0.0651
śiraḥ	content	-0.0645
tasyām	pronoun	-0.0624
kena	pronoun	-0.0608
brāhmaṇaḥ	content	-0.0586
gatiḥ	content	-0.0568
śṛṇu	content	-0.0559
kāryam	content	-0.0522
bhūtvā	verb_narrative	-0.0489
gaṇa	content	-0.0463
divya	content	-0.0460
tayoḥ	pronoun	-0.0456
kṛṣṇa	content	-0.0446
prajāḥ	content	-0.0429
gaṅgā	content	-0.0386
pāpam	content	-0.0348
punar	content	-0.0342
tayā	pronoun	-0.0334
sura	content	-0.0325
devān	content	-0.0315
teṣu	pronoun	-0.0306
yatra	particle	-0.0293
śatam	numeral_list	-0.0292
narāḥ	content	-0.0282
kanyā	content	-0.0272
sā	content	-0.0239
bhūtānām	content	-0.0225
ca	particle	-0.0195
tasyāḥ	pronoun	-0.0182
anena	pronoun	-0.0175
prāha	verb_narrative	-0.0172
tatra	particle	-0.0141
yama	content	-0.0135
sukha	content	-0.0106
para	content	-0.0102
tejaḥ	content	-0.0072
mārkaṇḍeyaḥ	content	-0.0071
strī	content	-0.0068
tat	pronoun	-0.0043
yat	pronoun	-0.0036
purā	particle	-0.0018
ātmānam	content	0.0009
tāvat	particle	0.0060
gaṇāḥ	content	0.0104
kālaḥ	content	0.0110
asura	content	0.0176
uttamam	content	0.0185
pṛthak	content	0.0188
lokam	content	0.0197
anvitaḥ	content	0.0206
sarveṣām	content	0.0210
asau	pronoun	0.0264
satyam	content	0.0287
vat	content	0.0288
kāle	content	0.0304
nāma	content	0.0306
puṣpa	content	0.0339
kṛt	content	0.0341
asmin	pronoun	0.0341
sākṣāt	content	0.0342
devīm	content	0.0355
api	particle	0.0365
anyat	content	0.0371
varṣa	content	0.0399
śāstra	content	0.0444
hi	particle	0.0461
surāḥ	content	0.0473
vratam	content	0.0481
rakta	content	0.0501
madhye	content	0.0508
muniḥ	content	0.0511
go	content	0.0525
gṛhe	content	0.0533
kāma	content	0.0550
bhagavān	content	0.0551
vyāsaḥ	content	0.0562
vinā	particle	0.0565
tapaḥ	content	0.0600
paścāt	particle	0.0611
dattvā	verb_narrative	0.0651
prabhuḥ	content	0.0661
asti	content	0.0666
rūpeṇa	content	0.0672
pitṛ	content	0.0676
puruṣaḥ	content	0.0708
aṅga	content	0.0719
daśa	numeral_list	0.0723
śubha	content	0.0724
guru	content	0.0727
artham	content	0.0754
ced	particle	0.0788
hareḥ	content	0.0806
bhava	content	0.0827
ūcuḥ	verb_narrative	0.0904
devi	content	0.0911
puṇya	content	0.0964
ete	pronoun	0.0972
kāla	content	0.1013
jñātvā	verb_narrative	0.1025
manasā	content	0.1063
vipra	content	0.1088
sthitaḥ	content	0.1094
īśvaraḥ	content	0.1100
candra	content	0.1119
samam	content	0.1129
sarvam	content	0.1130
evam	content	0.1151
hariḥ	content	0.1167
atra	particle	0.1182
jala	content	0.1198
anyathā	particle	0.1200
karma	content	0.1208
kṛtvā	particle	0.1220
śakti	content	0.1249
nāmnā	content	0.1291
munayaḥ	content	0.1293
viṣṇum	content	0.1312
svayam	pronoun	0.1318
devāḥ	content	0.1378
āhuḥ	verb_narrative	0.1395
sam	particle	0.1423
mune	content	0.1424
kāraṇam	content	0.1442
yasmāt	pronoun	0.1445
īśvara	content	0.1446
nṛṇām	content	0.1452
yāvat	particle	0.1454
daḥ	content	0.1472
mantra	content	0.1534
annam	content	0.1568
yadā	particle	0.1616
rūpam	content	0.1663
iti	particle	0.1730
viśeṣataḥ	content	0.1733
yāti	content	0.1735
tīrtham	content	0.1739
kecid	content	0.1763
prāṇa	content	0.1779
dvija	numeral_list	0.1802
bhū	content	0.1841
śubham	content	0.1881
dāna	content	0.1883
mayam	content	0.1895
janma	content	0.1908
devatāḥ	content	0.1911
deva	content	0.1973
vai	particle	0.1975
muni	content	0.1981
yatas	particle	0.1999
syāt	verb_prescriptive	0.2050
īśa	content	0.2061
loka	content	0.2070
sūtaḥ	content	0.2090
tvāt	content	0.2101
sat	content	0.2160
dānam	content	0.2174
devī	content	0.2191
śrī	content	0.2234
jagat	content	0.2235
ṛṣayaḥ	content	0.2252
bhavati	content	0.2309
pañca	numeral_list	0.2335
yajña	content	0.2363
devam	content	0.2383
vāyuḥ	content	0.2405
yaḥ	pronoun	0.2414
samyak	content	0.2427
agni	content	0.2430
saṃśayaḥ	content	0.2453
bhūta	content	0.2464
dam	content	0.2485
eva	particle	0.2488
ātma	content	0.2491
ekam	numeral_list	0.2493
dadyāt	verb_prescriptive	0.2500
snātvā	verb_narrative	0.2527
dvādaśa	numeral_list	0.2563
devānām	content	0.2567
dvijāḥ	numeral_list	0.2579
tu	particle	0.2584
yoga	content	0.2605
vā	particle	0.2630
nava	numeral_list	0.2648
puṇyam	content	0.2650
sva	content	0.2679
paramam	content	0.2679
bhaktyā	content	0.2690
sthānam	content	0.2690
tīrtha	content	0.2723
phalam	content	0.2726
viṣṇoḥ	content	0.2728
naraḥ	content	0.2746
śivam	content	0.2771
pāpa	content	0.2783
māyā	content	0.2809
sūrya	content	0.2859
sarvadā	particle	0.2862
tā	pronoun	0.2865
nityam	content	0.2948
padam	content	0.2959
om	content	0.2972
śivaḥ	content	0.2978
guṇa	content	0.3025
ante	content	0.3025
ye	pronoun	0.3043
tasmāt	pronoun	0.3058
kuryāt	verb_prescriptive	0.3067
pūjā	content	0.3094
varṇa	content	0.3153
sapta	numeral_list	0.3209
param	content	0.3292
yā	pronoun	0.3321
artha	content	0.3324
viṣṇuḥ	content	0.3371
liṅgam	content	0.3382
ādyāḥ	numeral_list	0.3426
ṣaṣ	numeral_list	0.3491
ādayaḥ	numeral_list	0.3501
rūpa	content	0.3517
atas	content	0.3524
tathā	particle	0.3529
brahmaṇaḥ	content	0.3530
aṣṭa	numeral_list	0.3617
devaḥ	content	0.3628
vidyā	content	0.3647
sarva	content	0.3656
ādyaiḥ	numeral_list	0.3666
pāda	content	0.3679
viśva	content	0.3703
koṭi	numeral_list	0.3712
uktam	content	0.3725
phala	content	0.3726
pūrva	content	0.3863
pūjayet	verb_prescriptive	0.3879
veda	content	0.3886
catur	numeral_list	0.3941
ādibhiḥ	numeral_list	0.3986
rudra	content	0.4053
snānam	content	0.4159
smṛtāḥ	content	0.4192
sadā	particle	0.4214
tri	numeral_list	0.4242
ādikam	numeral_list	0.4283
jāyate	content	0.4584
proktam	content	0.4595
viṣṇu	content	0.4688
tad	pronoun	0.4717
paraḥ	content	0.4731
bhavet	verb_prescriptive	0.4734
smṛtaḥ	content	0.4751
śiva	content	0.4760
ādau	numeral_list	0.4767
eka	numeral_list	0.4793
jñānam	content	0.4969
ucyate	content	0.5071
smṛtam	content	0.5253
brahmā	content	0.5271
namaḥ	particle	0.5295
kramāt	numeral_list	0.5318
jñāna	content	0.5455
ādi	numeral_list	0.6337
brahma	content	0.6379
