rank	trigram	count	per_mille	in_std_top500
1	ama	148014	4.936	1
2	ata	134554	4.487	1
3	ara	129889	4.331	1
4	tat	109685	3.658	1
5	pra	109366	3.647	1
6	ava	108108	3.605	1
7	asa	107048	3.570	1
8	amā	102028	3.402	1
9	yat	99829	3.329	1
10	ana	97065	3.237	1
11	aya	95220	3.175	1
12	ath	95218	3.175	1
13	bha	92575	3.087	1
14	abh	87673	2.924	1
15	dha	85242	2.843	1
16	taḥ	81978	2.734	1
17	var	79749	2.659	1
18	āna	79482	2.650	1
19	thā	78633	2.622	1
20	mah	77586	2.587	1
21	āma	77441	2.582	1
22	ita	76826	2.562	1
23	āya	76475	2.550	1
24	ast	74411	2.481	1
25	saṃ	74018	2.468	1
26	śca	71912	2.398	1
27	yaṃ	69990	2.334	1
28	ḥsa	68804	2.294	0
29	taṃ	67983	2.267	1
30	sar	67763	2.260	1
31	aḥs	67094	2.237	0
32	asy	66433	2.215	1
33	tra	66029	2.202	1
34	par	64416	2.148	1
35	arā	63053	2.103	1
36	iva	62973	2.100	1
37	aṃs	62234	2.075	0
38	arv	61799	2.061	1
39	tam	61679	2.057	1
40	tha	61409	2.048	1
41	aṃp	61050	2.036	0
42	āra	60733	2.025	1
43	rat	60626	2.022	1
44	ahā	60371	2.013	1
45	ayā	59653	1.989	1
46	eva	59104	1.971	1
47	aka	58894	1.964	1
48	aṃt	58798	1.961	0
49	ant	58600	1.954	1
50	ram	57732	1.925	1
51	sam	57612	1.921	1
52	sya	57116	1.905	1
53	aḥp	57075	1.903	0
54	ānā	57032	1.902	1
55	avi	56853	1.896	1
56	man	56635	1.889	1
57	har	56546	1.886	1
58	avā	55858	1.863	1
59	aha	55515	1.851	1
60	āsa	55297	1.844	1
61	ati	55156	1.839	1
62	vat	54030	1.802	1
63	tas	53927	1.798	1
64	tvā	53893	1.797	1
65	atā	53449	1.782	1
66	adā	53365	1.780	1
67	akṣ	52814	1.761	1
68	apa	52139	1.739	1
69	rva	52022	1.735	1
70	itā	51637	1.722	1
71	ena	51133	1.705	1
72	adh	50910	1.698	1
73	haṃ	50712	1.691	1
74	dev	50550	1.686	1
75	āca	50311	1.678	1
76	raṃ	50017	1.668	1
77	hav	49940	1.665	1
78	bhā	49825	1.661	1
79	kṣa	48926	1.632	1
80	anā	48869	1.630	1
81	vaṃ	48707	1.624	1
82	yam	48632	1.622	1
83	ada	48433	1.615	1
84	āta	47766	1.593	1
85	kar	47743	1.592	1
86	ras	47233	1.575	1
87	sta	46791	1.560	1
88	ābh	46657	1.556	1
89	āva	46387	1.547	1
90	ṃsa	45996	1.534	0
91	ate	45828	1.528	1
92	yas	45615	1.521	1
93	aṃv	45328	1.512	0
94	naṃ	45184	1.507	1
95	ala	44778	1.493	1
96	tya	44106	1.471	1
97	mān	43412	1.448	1
98	dhā	43225	1.441	1
99	aṇa	42907	1.431	1
100	aṃk	42738	1.425	0
101	ṃca	42487	1.417	0
102	aśa	42347	1.412	1
103	kṛt	41872	1.396	1
104	aca	41565	1.386	1
105	bhi	40890	1.364	1
106	aśc	40402	1.347	1
107	bhū	40010	1.334	1
108	yaḥ	39959	1.332	1
109	aiv	39453	1.316	1
110	aṃd	39333	1.312	0
111	atr	39278	1.310	1
112	ṃta	39200	1.307	0
113	ddh	39055	1.302	1
114	tta	38847	1.295	1
115	rav	38838	1.295	1
116	has	38838	1.295	1
117	hit	38426	1.281	1
118	akā	38399	1.280	1
119	yan	38397	1.280	1
120	āpa	37970	1.266	1
121	rāj	37885	1.263	1
122	nam	37508	1.251	1
123	tad	37223	1.241	1
124	āni	37212	1.241	1
125	hyā	37168	1.239	1
126	prā	36773	1.226	1
127	vas	36473	1.216	1
128	āda	36405	1.214	1
129	vān	36278	1.210	1
130	āst	36110	1.204	1
131	ḥpr	35915	1.198	0
132	aṃc	35702	1.191	0
133	aga	35540	1.185	1
134	aḥk	35197	1.174	0
135	hān	35131	1.171	1
136	vāc	35035	1.168	1
137	aiḥ	34904	1.164	1
138	vai	34799	1.160	1
139	nāṃ	34787	1.160	1
140	apr	34199	1.140	1
141	yām	34076	1.136	1
142	tān	34053	1.136	1
143	han	33957	1.132	1
144	naḥ	33801	1.127	1
145	ādh	33472	1.116	1
146	rak	33413	1.114	1
147	ṃpr	33229	1.108	0
148	pat	33200	1.107	1
149	asā	33167	1.106	1
150	hār	33141	1.105	1
151	raṇ	33020	1.101	1
152	yāt	32730	1.091	1
153	tva	32685	1.090	1
154	yāṃ	32611	1.087	1
155	hya	32455	1.082	1
156	aṃś	32384	1.080	0
157	dhi	32300	1.077	1
158	van	32205	1.074	1
159	tar	32002	1.067	1
160	hat	31705	1.057	1
161	ātm	31679	1.056	1
162	sth	31540	1.052	1
163	tāḥ	31257	1.042	1
164	ṛta	31072	1.036	1
165	aṃb	30993	1.034	0
166	arm	30949	1.032	1
167	pur	30859	1.029	1
168	nta	30841	1.028	1
169	cat	30770	1.026	0
170	yān	30684	1.023	1
171	rah	30457	1.016	1
172	ibh	30359	1.012	1
173	ṣṭh	30321	1.011	1
174	sva	30280	1.010	1
175	rāṇ	30113	1.004	1
176	śva	29907	0.997	1
177	nām	29572	0.986	1
178	rth	29539	0.985	1
179	amu	29371	0.979	1
180	āḥs	29365	0.979	0
181	ṛṣṭ	29334	0.978	1
182	aṃm	29331	0.978	0
183	kār	29092	0.970	1
184	gat	28817	0.961	1
185	yad	28722	0.958	1
186	uvā	28607	0.954	1
187	mat	28589	0.953	1
188	vid	28564	0.953	1
189	āmā	28503	0.950	1
190	ari	28338	0.945	1
191	āṃs	28301	0.944	0
192	aḥś	28297	0.944	0
193	eta	28196	0.940	0
194	dhy	28082	0.936	1
195	viṣ	28014	0.934	1
196	air	27895	0.930	1
197	urā	27747	0.925	1
198	iṣṭ	27647	0.922	1
199	āga	27620	0.921	1
200	raḥ	27537	0.918	1
201	aṃn	27446	0.915	0
202	ira	27405	0.914	1
203	vad	27404	0.914	1
204	vam	27298	0.910	1
205	ham	27246	0.909	1
206	apā	27107	0.904	1
207	rad	26899	0.897	1
208	jan	26877	0.896	1
209	nas	26872	0.896	1
210	and	26729	0.891	1
211	āyā	26654	0.889	1
212	vās	26588	0.887	1
213	ṃbh	26581	0.886	0
214	ame	26561	0.886	1
215	cak	26460	0.882	0
216	rma	26446	0.882	1
217	hāt	26068	0.869	1
218	yav	25933	0.865	0
219	ārā	25840	0.862	1
220	att	25812	0.861	1
221	aṇā	25284	0.843	1
222	cch	25130	0.838	1
223	thi	25083	0.836	1
224	āvi	25006	0.834	0
225	ṣṭa	24936	0.832	1
226	āla	24834	0.828	1
227	yak	24825	0.828	1
228	ray	24805	0.827	1
229	āja	24759	0.826	1
230	ḥpa	24699	0.824	0
231	trā	24631	0.821	1
232	ṃma	24628	0.821	0
233	mad	24618	0.821	1
234	tāṃ	24492	0.817	1
235	cai	24473	0.816	1
236	sat	24438	0.815	1
237	can	24345	0.812	1
238	aja	24240	0.808	1
239	uta	24211	0.807	1
240	aye	24199	0.807	1
241	maṇ	24162	0.806	1
242	ānt	24102	0.804	1
243	māt	24015	0.801	1
244	tav	23836	0.795	1
245	syā	23514	0.784	1
246	hāv	23485	0.783	1
247	yād	23335	0.778	1
248	ādi	23324	0.778	1
249	akt	23284	0.776	1
250	ubh	23149	0.772	1
251	nar	23087	0.770	1
252	aṃy	22857	0.762	0
253	rya	22839	0.762	1
254	cas	22827	0.761	0
255	ity	22817	0.761	1
256	kha	22817	0.761	1
257	nav	22777	0.760	1
258	āśc	22747	0.759	0
259	isa	22687	0.757	0
260	āha	22668	0.756	1
261	bra	22634	0.755	1
262	ṇaṃ	22622	0.754	1
263	idh	22539	0.752	1
264	yap	22524	0.751	0
265	mas	22512	0.751	1
266	ṃśa	22510	0.751	0
267	dra	22460	0.749	1
268	mās	22368	0.746	1
269	yās	22352	0.745	0
270	ani	22194	0.740	0
271	sah	22113	0.737	1
272	ura	22079	0.736	1
273	hak	22006	0.734	1
274	mam	21803	0.727	1
275	dvi	21797	0.727	1
276	ina	21774	0.726	0
277	ato	21773	0.726	1
278	viś	21729	0.725	1
279	vay	21672	0.723	1
280	aty	21657	0.722	1
281	āḥp	21494	0.717	0
282	ayo	21428	0.715	1
283	auv	21412	0.714	0
284	apu	21330	0.711	0
285	āśa	21307	0.711	1
286	mar	21295	0.710	1
287	ṃvi	21185	0.706	0
288	vak	21056	0.702	1
289	ivā	21029	0.701	1
290	ṃpa	20924	0.698	0
291	ḥta	20718	0.691	0
292	tām	20716	0.691	1
293	ārt	20706	0.690	1
294	art	20640	0.688	1
295	may	20583	0.686	1
296	āmi	20580	0.686	1
297	nān	20562	0.686	1
298	ṃva	20552	0.685	0
299	pit	20411	0.681	1
300	śat	20354	0.679	1
301	hūt	20324	0.678	1
302	stu	20197	0.673	0
303	rab	20185	0.673	1
304	iḥs	20164	0.672	0
305	yāy	20134	0.671	1
306	jñā	20131	0.671	1
307	nya	20069	0.669	1
308	vād	20036	0.668	0
309	eṇa	20017	0.667	1
310	ika	20013	0.667	1
311	tan	19920	0.664	1
312	asm	19858	0.662	1
313	tri	19849	0.662	1
314	ṣya	19815	0.661	1
315	una	19801	0.660	1
316	atu	19801	0.660	0
317	yaś	19772	0.659	0
318	hma	19762	0.659	1
319	nti	19707	0.657	1
320	tap	19624	0.654	1
321	hay	19601	0.654	1
322	tyā	19526	0.651	1
323	āṃp	19488	0.650	0
324	iti	19387	0.646	1
325	are	19349	0.645	1
326	ukt	19326	0.644	1
327	aḥt	19252	0.642	0
328	daś	19186	0.640	1
329	aṃg	19101	0.637	0
330	oma	19091	0.637	0
331	obh	19072	0.636	0
332	str	19014	0.634	1
333	inā	18979	0.633	1
334	vya	18883	0.630	1
335	dya	18870	0.629	1
336	tma	18864	0.629	1
337	evā	18864	0.629	0
338	laṃ	18834	0.628	1
339	maṃ	18809	0.627	1
340	ikā	18807	0.627	1
341	cap	18726	0.624	0
342	lok	18710	0.624	1
343	vac	18613	0.621	0
344	eṣu	18582	0.620	1
345	alā	18557	0.619	1
346	ima	18526	0.618	0
347	ajā	18496	0.617	0
348	ṭha	18489	0.617	1
349	arṣ	18472	0.616	1
350	vār	18439	0.615	1
351	āṃś	18438	0.615	0
352	āpi	18303	0.610	1
353	tit	18290	0.610	0
354	nāt	18247	0.608	1
355	hir	18238	0.608	1
356	ātr	18230	0.608	1
357	vit	18209	0.607	1
358	aṇḍ	18207	0.607	1
359	atv	18193	0.607	0
360	āṃt	18120	0.604	0
361	atī	18115	0.604	1
362	ade	18074	0.603	0
363	rād	18072	0.603	1
364	ṇāṃ	18047	0.602	1
365	nir	18045	0.602	1
366	pūr	18045	0.602	1
367	iya	18039	0.602	0
368	mit	17966	0.599	0
369	ten	17941	0.598	0
370	san	17911	0.597	1
371	uru	17905	0.597	1
372	rūp	17800	0.594	1
373	riy	17799	0.594	1
374	utr	17696	0.590	1
375	ave	17651	0.589	1
376	kaṃ	17589	0.587	1
377	dān	17584	0.586	1
378	āṇā	17539	0.585	1
379	vyā	17532	0.585	1
380	āṇi	17516	0.584	1
381	rāh	17509	0.584	1
382	kṣi	17493	0.583	1
383	mṛt	17478	0.583	1
384	car	17427	0.581	0
385	rut	17408	0.580	1
386	ṇḍa	17376	0.579	1
387	ahm	17369	0.579	1
388	raj	17357	0.579	1
389	hāp	17310	0.577	0
390	adv	17204	0.574	0
391	bhy	17198	0.573	1
392	eṣā	17163	0.572	1
393	ākṣ	17134	0.571	0
394	rvā	17122	0.571	1
395	kta	17119	0.571	1
396	nan	17115	0.571	0
397	arṇ	17055	0.569	1
398	mār	17046	0.568	0
399	vāt	16993	0.567	0
400	yet	16993	0.567	0
401	aṃj	16962	0.566	0
402	vāp	16787	0.560	0
403	ṣaṇ	16758	0.559	1
404	cam	16751	0.559	0
405	hās	16750	0.559	0
406	api	16670	0.556	0
407	asu	16610	0.554	0
408	tsa	16560	0.552	0
409	mya	16545	0.552	0
410	bhu	16514	0.551	1
411	muk	16454	0.549	0
412	ḥpu	16409	0.547	0
413	vij	16397	0.547	1
414	rām	16333	0.545	0
415	vap	16312	0.544	0
416	ñca	16308	0.544	1
417	rṇa	16298	0.543	1
418	dar	16252	0.542	1
419	ait	16236	0.541	0
420	cav	16223	0.541	0
421	mād	16125	0.538	0
422	ṃst	16098	0.537	0
423	ṇam	16066	0.536	0
424	pad	16042	0.535	1
425	dṛṣ	16042	0.535	1
426	sad	16042	0.535	0
427	śaṃ	16019	0.534	1
428	ipr	16003	0.534	0
429	eya	15984	0.533	0
430	udh	15969	0.533	0
431	ātā	15889	0.530	0
432	ṛtā	15872	0.529	1
433	put	15869	0.529	1
434	rāp	15837	0.528	0
435	ami	15835	0.528	0
436	raś	15792	0.527	0
437	yaj	15750	0.525	0
438	ann	15726	0.524	0
439	rap	15714	0.524	0
440	eśa	15689	0.523	0
441	dan	15663	0.522	0
442	ḥka	15659	0.522	0
443	āny	15636	0.521	0
444	kra	15635	0.521	0
445	iṣy	15612	0.521	0
446	daṃ	15586	0.520	0
447	any	15568	0.519	0
448	ṃka	15533	0.518	0
449	sād	15479	0.516	0
450	iśc	15476	0.516	0
451	ndh	15424	0.514	0
452	yay	15412	0.514	0
453	rāt	15330	0.511	0
454	ṅga	15264	0.509	0
455	ajñ	15191	0.507	0
456	nat	15167	0.506	0
457	ṃya	15161	0.506	0
458	kām	15152	0.505	0
459	nār	15142	0.505	0
460	ryā	15133	0.505	0
461	map	15091	0.503	0
462	śar	15073	0.503	0
463	āṇa	15051	0.502	0
464	aṅg	15027	0.501	0
465	hāb	15024	0.501	0
466	iṣṇ	14983	0.500	0
467	aśā	14978	0.499	0
468	kal	14970	0.499	0
469	ṃga	14967	0.499	0
470	haḥ	14967	0.499	0
471	lak	14951	0.499	0
472	āsā	14934	0.498	0
473	āka	14930	0.498	0
474	śya	14925	0.498	0
475	sur	14906	0.497	0
476	aṣṭ	14848	0.495	0
477	añc	14828	0.494	0
478	śak	14811	0.494	0
479	āde	14766	0.492	0
480	vin	14765	0.492	0
481	jay	14764	0.492	0
482	ndr	14708	0.490	0
483	anu	14706	0.490	0
484	akr	14703	0.490	0
485	maḥ	14692	0.490	0
486	paś	14683	0.490	0
487	rai	14652	0.489	0
488	hiḥ	14639	0.488	0
489	śrī	14629	0.488	0
490	aiś	14602	0.487	0
491	khy	14580	0.486	0
492	acc	14558	0.485	0
493	hāy	14537	0.485	0
494	bal	14526	0.484	0
495	dad	14520	0.484	0
496	udd	14480	0.483	0
497	imā	14465	0.482	0
498	tay	14459	0.482	0
499	ḥśa	14447	0.482	0
500	āṃv	14411	0.481	0
