segment_id	start_token	end_token	start_line	end_line	score
0	2	34	0	1	0.7909090909090909
1	24	54	1	3	0.8503937007874016
2	46	76	2	3	0.35687732342007433
3	-1	-1	-1	-1	0.0
4	62	98	3	8	0.4365256124721604
5	83	113	6	10	0.5296442687747036
6	98	128	8	11	0.49110320284697506
7	110	163	9	17	0.754653130287648
8	-1	-1	-1	-1	0.0
9	-1	-1	-1	-1	0.0
10	179	408	19	42	0.6146202980837473
11	326	386	36	41	0.8161559888579387
12	369	422	40	42	0.8153409090909091
13	409	439	42	43	0.32752613240418116
14	435	473	43	45	0.04772234273318872
15	466	515	45	51	0.288107202680067
16	-1	-1	-1	-1	0.0
17	487	517	48	52	0.5295950155763239
18	502	532	50	52	0.3771043771043771
19	-1	-1	-1	-1	0.0
20	520	550	52	57	0.35294117647058826
21	530	566	52	60	0.719047619047619
22	579	629	60	65	0.21263482280431434
23	-1	-1	-1	-1	0.0
24	614	702	64	75	0.13077593722755013
25	657	687	72	75	0.32950191570881227
26	-1	-1	-1	-1	0.0
27	672	702	73	75	0.3054545454545455
28	720	800	79	87	0.03389830508474576
29	-1	-1	-1	-1	0.0
30	769	807	84	88	0.13488372093023257
31	-1	-1	-1	-1	0.0
32	806	871	88	93	0.06675567423230974
33	-1	-1	-1	-1	0.0
34	845	879	91	94	0.5300546448087432
35	861	903	92	97	0.7894736842105263
36	894	939	97	99	0.5274725274725275
37	940	994	100	106	0.5409582689335394
38	981	1013	105	107	0.8442211055276382
39	-1	-1	-1	-1	0.0
40	1007	1082	107	113	0.8500563697857948
41	-1	-1	-1	-1	0.0
42	-1	-1	-1	-1	0.0
43	1072	1102	113	115	0.26959247648902823
44	1090	1123	114	119	0.14797136038186157
45	1110	1156	117	123	0.7005253940455342
46	1145	1208	122	128	0.5939553219448095
47	1193	1223	127	130	0.616
48	-1	-1	-1	-1	0.0
49	-1	-1	-1	-1	0.0
50	1209	1239	128	133	0.24390243902439024
51	1219	1249	130	133	0.32
52	1260	1348	136	148	0.34980237154150196
53	-1	-1	-1	-1	0.0
54	1299	1329	142	144	0.024615384615384615
55	-1	-1	-1	-1	0.0
56	1315	1347	144	147	0.6108374384236454
57	1358	1388	149	152	0.8123076923076923
58	-1	-1	-1	-1	0.0
59	1380	1410	152	155	0.5016501650165016
60	1391	1421	153	157	0.49146757679180886
61	1401	1431	154	157	0.7444444444444445
62	1421	1453	157	157	0.8387096774193549
63	1444	1501	157	161	0.6647230320699709
64	1484	1518	159	162	0.7582417582417582
65	1510	1540	162	164	0.33992094861660077
66	-1	-1	-1	-1	0.0
67	-1	-1	-1	-1	0.0
68	1523	1603	162	170	0.8455114822546973
69	1597	1638	170	171	0.08016877637130802
70	1622	1652	171	173	0.4835164835164835
71	1662	1830	173	190	0.049891540130151846
72	-1	-1	-1	-1	0.0
73	-1	-1	-1	-1	0.0
74	-1	-1	-1	-1	0.0
75	1770	1800	183	187	0.36363636363636365
76	-1	-1	-1	-1	0.0
77	1780	1820	184	188	0.7455357142857143
78	1817	1849	188	192	0.047244094488188976
79	-1	-1	-1	-1	0.0
80	1834	1925	191	205	0.7651515151515151
81	1972	2044	212	215	0.18791946308724833
82	-1	-1	-1	-1	0.0
83	2004	2034	214	215	0.7613293051359517
84	2032	2062	215	215	0.1037463976945245
85	2044	2074	215	215	0.5283018867924528
86	-1	-1	-1	-1	0.0
87	-1	-1	-1	-1	0.0
88	2073	2103	215	217	0.7727272727272727
89	-1	-1	-1	-1	0.0
90	2117	2155	219	221	0.1115702479338843
91	2135	2204	220	223	0.4024691358024691
92	7758	7788	632	633	0.3157894736842105
93	7769	7802	633	636	0.8813559322033898
94	-1	-1	-1	-1	0.0
95	7800	7849	636	640	0.8187919463087249
96	7841	7871	639	641	0.3986013986013986
97	7851	7881	640	642	0.624113475177305
98	7865	7895	641	642	0.453781512605042
99	-1	-1	-1	-1	0.0
100	7879	7909	642	643	0.6879432624113475
101	-1	-1	-1	-1	0.0
102	7901	7969	642	652	0.7023319615912208
103	-1	-1	-1	-1	0.0
104	7983	8013	653	655	0.012861736334405145
105	-1	-1	-1	-1	0.0
106	7993	8023	654	656	0.38162544169611307
107	-1	-1	-1	-1	0.0
108	8004	8034	654	656	0.4591439688715953
109	8019	8049	656	657	0.46048109965635736
110	8032	8076	656	659	0.511727078891258
111	8084	8114	660	662	0.8061538461538461
112	8110	8147	662	664	0.04186046511627907
113	-1	-1	-1	-1	0.0
114	8145	8189	664	668	0.4321223709369025
115	8186	8223	668	671	0.7631578947368421
116	-1	-1	-1	-1	0.0
117	8215	8245	671	671	0.49122807017543857
118	-1	-1	-1	-1	0.0
119	-1	-1	-1	-1	0.0
120	-1	-1	-1	-1	0.0
121	8243	8293	671	676	0.7743119266055046
122	-1	-1	-1	-1	0.0
123	8305	8335	677	678	0.4794952681388013
124	8315	8345	677	679	0.4375
125	8325	8355	678	679	0.6158940397350994
126	9300	9330	752	754	0.28820960698689957
127	9311	9341	752	755	0.23868312757201646
128	9322	9352	753	756	0.26811594202898553
129	-1	-1	-1	-1	0.0
130	9350	9383	756	758	0.28895184135977336
131	9368	9425	758	759	0.4699140401146132
132	-1	-1	-1	-1	0.0
133	-1	-1	-1	-1	0.0
134	9418	9448	758	761	0.5128205128205128
135	9434	9464	760	763	0.44285714285714284
136	9446	9502	761	770	0.5748299319727891
137	9493	9523	769	776	0.6590038314176245
138	9521	9559	776	780	0.5429864253393665
139	-1	-1	-1	-1	0.0
140	9543	9573	778	781	0.8025889967637541
141	9579	9609	782	783	0.46710526315789475
142	9591	9621	782	784	0.358974358974359
143	-1	-1	-1	-1	0.0
144	-1	-1	-1	-1	0.0
145	-1	-1	-1	-1	0.0
146	9614	9644	783	785	0.26618705035971224
147	-1	-1	-1	-1	0.0
148	-1	-1	-1	-1	0.0
149	-1	-1	-1	-1	0.0
150	-1	-1	-1	-1	0.0
151	-1	-1	-1	-1	0.0
152	-1	-1	-1	-1	0.0
153	-1	-1	-1	-1	0.0
154	9640	9670	785	787	0.06606606606606606
155	-1	-1	-1	-1	0.0
156	-1	-1	-1	-1	0.0
157	9663	9703	787	793	0.07218683651804671
158	-1	-1	-1	-1	0.0
159	-1	-1	-1	-1	0.0
160	9686	9716	790	794	0.4959349593495935
161	-1	-1	-1	-1	0.0
162	9723	9780	794	798	0.7008547008547008
163	9757	9787	796	798	0.6434108527131783
164	9786	9832	798	802	0.2874251497005988
165	-1	-1	-1	-1	0.0
166	9814	9844	799	802	0.29107981220657275
167	97010	97046	7591	7595	0.27906976744186046
168	-1	-1	-1	-1	0.0
169	-1	-1	-1	-1	0.0
170	-1	-1	-1	-1	0.0
171	-1	-1	-1	-1	0.0
172	-1	-1	-1	-1	0.0
173	-1	-1	-1	-1	0.0
174	-1	-1	-1	-1	0.0
175	-1	-1	-1	-1	0.0
176	-1	-1	-1	-1	0.0
177	-1	-1	-1	-1	0.0
178	-1	-1	-1	-1	0.0
179	-1	-1	-1	-1	0.0
180	-1	-1	-1	-1	0.0
181	-1	-1	-1	-1	0.0
182	-1	-1	-1	-1	0.0
183	-1	-1	-1	-1	0.0
184	-1	-1	-1	-1	0.0
185	-1	-1	-1	-1	0.0
186	-1	-1	-1	-1	0.0
187	-1	-1	-1	-1	0.0
188	-1	-1	-1	-1	0.0
189	-1	-1	-1	-1	0.0
190	-1	-1	-1	-1	0.0
191	-1	-1	-1	-1	0.0
192	-1	-1	-1	-1	0.0
193	-1	-1	-1	-1	0.0
194	-1	-1	-1	-1	0.0
195	-1	-1	-1	-1	0.0
196	-1	-1	-1	-1	0.0
197	-1	-1	-1	-1	0.0
198	-1	-1	-1	-1	0.0
199	-1	-1	-1	-1	0.0
200	-1	-1	-1	-1	0.0
201	-1	-1	-1	-1	0.0
202	-1	-1	-1	-1	0.0
203	-1	-1	-1	-1	0.0
204	-1	-1	-1	-1	0.0
205	-1	-1	-1	-1	0.0
206	-1	-1	-1	-1	0.0
207	-1	-1	-1	-1	0.0
208	-1	-1	-1	-1	0.0
209	100399	100486	7841	7852	0.03451776649746193
210	-1	-1	-1	-1	0.0
211	-1	-1	-1	-1	0.0
212	-1	-1	-1	-1	0.0
213	-1	-1	-1	-1	0.0
214	-1	-1	-1	-1	0.0
215	-1	-1	-1	-1	0.0
216	-1	-1	-1	-1	0.0
217	-1	-1	-1	-1	0.0
218	-1	-1	-1	-1	0.0
219	-1	-1	-1	-1	0.0
220	-1	-1	-1	-1	0.0
221	-1	-1	-1	-1	0.0
222	-1	-1	-1	-1	0.0
223	-1	-1	-1	-1	0.0
224	-1	-1	-1	-1	0.0
225	-1	-1	-1	-1	0.0
226	-1	-1	-1	-1	0.0
227	-1	-1	-1	-1	0.0
228	-1	-1	-1	-1	0.0
229	-1	-1	-1	-1	0.0
230	-1	-1	-1	-1	0.0
231	-1	-1	-1	-1	0.0
232	-1	-1	-1	-1	0.0
233	-1	-1	-1	-1	0.0
234	-1	-1	-1	-1	0.0
235	-1	-1	-1	-1	0.0
236	-1	-1	-1	-1	0.0
237	-1	-1	-1	-1	0.0
238	-1	-1	-1	-1	0.0
239	-1	-1	-1	-1	0.0
240	-1	-1	-1	-1	0.0
241	-1	-1	-1	-1	0.0
242	-1	-1	-1	-1	0.0
243	-1	-1	-1	-1	0.0
244	-1	-1	-1	-1	0.0
245	-1	-1	-1	-1	0.0
246	-1	-1	-1	-1	0.0
247	-1	-1	-1	-1	0.0
248	-1	-1	-1	-1	0.0
249	-1	-1	-1	-1	0.0
250	-1	-1	-1	-1	0.0
251	-1	-1	-1	-1	0.0
252	-1	-1	-1	-1	0.0
253	-1	-1	-1	-1	0.0
254	-1	-1	-1	-1	0.0
255	-1	-1	-1	-1	0.0
256	-1	-1	-1	-1	0.0
257	-1	-1	-1	-1	0.0
258	-1	-1	-1	-1	0.0
259	-1	-1	-1	-1	0.0
260	-1	-1	-1	-1	0.0
261	-1	-1	-1	-1	0.0
262	-1	-1	-1	-1	0.0
263	-1	-1	-1	-1	0.0
264	-1	-1	-1	-1	0.0
265	-1	-1	-1	-1	0.0
266	105593	105623	8246	8249	0.26666666666666666
267	-1	-1	-1	-1	0.0
268	-1	-1	-1	-1	0.0
269	-1	-1	-1	-1	0.0
270	-1	-1	-1	-1	0.0
271	-1	-1	-1	-1	0.0
272	-1	-1	-1	-1	0.0
273	-1	-1	-1	-1	0.0
274	-1	-1	-1	-1	0.0
275	-1	-1	-1	-1	0.0
276	-1	-1	-1	-1	0.0
277	-1	-1	-1	-1	0.0
278	-1	-1	-1	-1	0.0
279	110332	110362	8613	8616	0.36789297658862874
280	-1	-1	-1	-1	0.0
281	-1	-1	-1	-1	0.0
282	-1	-1	-1	-1	0.0
283	-1	-1	-1	-1	0.0
284	-1	-1	-1	-1	0.0
285	-1	-1	-1	-1	0.0
286	-1	-1	-1	-1	0.0
287	-1	-1	-1	-1	0.0
288	-1	-1	-1	-1	0.0
289	-1	-1	-1	-1	0.0
290	-1	-1	-1	-1	0.0
291	-1	-1	-1	-1	0.0
292	-1	-1	-1	-1	0.0
293	-1	-1	-1	-1	0.0
294	-1	-1	-1	-1	0.0
295	-1	-1	-1	-1	0.0
296	-1	-1	-1	-1	0.0
297	-1	-1	-1	-1	0.0
298	-1	-1	-1	-1	0.0
299	-1	-1	-1	-1	0.0
300	-1	-1	-1	-1	0.0
301	-1	-1	-1	-1	0.0
302	-1	-1	-1	-1	0.0
303	-1	-1	-1	-1	0.0
304	-1	-1	-1	-1	0.0
305	-1	-1	-1	-1	0.0
306	-1	-1	-1	-1	0.0
307	-1	-1	-1	-1	0.0
308	-1	-1	-1	-1	0.0
309	-1	-1	-1	-1	0.0
310	-1	-1	-1	-1	0.0
311	-1	-1	-1	-1	0.0
312	-1	-1	-1	-1	0.0
313	-1	-1	-1	-1	0.0
314	-1	-1	-1	-1	0.0
315	-1	-1	-1	-1	0.0
316	-1	-1	-1	-1	0.0
317	-1	-1	-1	-1	0.0
318	-1	-1	-1	-1	0.0
319	-1	-1	-1	-1	0.0
320	-1	-1	-1	-1	0.0
321	-1	-1	-1	-1	0.0
322	-1	-1	-1	-1	0.0
323	-1	-1	-1	-1	0.0
324	-1	-1	-1	-1	0.0
325	-1	-1	-1	-1	0.0
326	-1	-1	-1	-1	0.0
327	-1	-1	-1	-1	0.0
328	-1	-1	-1	-1	0.0
329	-1	-1	-1	-1	0.0
330	-1	-1	-1	-1	0.0
331	-1	-1	-1	-1	0.0
332	-1	-1	-1	-1	0.0
333	-1	-1	-1	-1	0.0
334	-1	-1	-1	-1	0.0
335	-1	-1	-1	-1	0.0
336	-1	-1	-1	-1	0.0
337	-1	-1	-1	-1	0.0
338	-1	-1	-1	-1	0.0
339	-1	-1	-1	-1	0.0
340	-1	-1	-1	-1	0.0
341	-1	-1	-1	-1	0.0
342	-1	-1	-1	-1	0.0
343	-1	-1	-1	-1	0.0
344	-1	-1	-1	-1	0.0
345	-1	-1	-1	-1	0.0
346	-1	-1	-1	-1	0.0
347	-1	-1	-1	-1	0.0
348	-1	-1	-1	-1	0.0
349	-1	-1	-1	-1	0.0
350	-1	-1	-1	-1	0.0
351	-1	-1	-1	-1	0.0
352	-1	-1	-1	-1	0.0
353	-1	-1	-1	-1	0.0
354	-1	-1	-1	-1	0.0
355	-1	-1	-1	-1	0.0
356	-1	-1	-1	-1	0.0
357	-1	-1	-1	-1	0.0
358	-1	-1	-1	-1	0.0
359	-1	-1	-1	-1	0.0
360	-1	-1	-1	-1	0.0
361	-1	-1	-1	-1	0.0
362	-1	-1	-1	-1	0.0
363	-1	-1	-1	-1	0.0
364	-1	-1	-1	-1	0.0
365	-1	-1	-1	-1	0.0
366	-1	-1	-1	-1	0.0
367	-1	-1	-1	-1	0.0
368	-1	-1	-1	-1	0.0
369	-1	-1	-1	-1	0.0
370	-1	-1	-1	-1	0.0
371	-1	-1	-1	-1	0.0
372	-1	-1	-1	-1	0.0
373	-1	-1	-1	-1	0.0
374	-1	-1	-1	-1	0.0
375	-1	-1	-1	-1	0.0
376	-1	-1	-1	-1	0.0
377	-1	-1	-1	-1	0.0
378	-1	-1	-1	-1	0.0
379	-1	-1	-1	-1	0.0
380	-1	-1	-1	-1	0.0
381	-1	-1	-1	-1	0.0
382	-1	-1	-1	-1	0.0
383	-1	-1	-1	-1	0.0
384	-1	-1	-1	-1	0.0
385	-1	-1	-1	-1	0.0
386	-1	-1	-1	-1	0.0
387	-1	-1	-1	-1	0.0
388	-1	-1	-1	-1	0.0
389	-1	-1	-1	-1	0.0
390	-1	-1	-1	-1	0.0
391	-1	-1	-1	-1	0.0
392	-1	-1	-1	-1	0.0
393	-1	-1	-1	-1	0.0
394	-1	-1	-1	-1	0.0
395	-1	-1	-1	-1	0.0
396	-1	-1	-1	-1	0.0
397	-1	-1	-1	-1	0.0
398	-1	-1	-1	-1	0.0
399	-1	-1	-1	-1	0.0
400	-1	-1	-1	-1	0.0
401	-1	-1	-1	-1	0.0
402	-1	-1	-1	-1	0.0
403	-1	-1	-1	-1	0.0
404	-1	-1	-1	-1	0.0
405	-1	-1	-1	-1	0.0
406	-1	-1	-1	-1	0.0
407	-1	-1	-1	-1	0.0
408	117614	117644	9155	9158	0.2727272727272727
409	-1	-1	-1	-1	0.0
410	-1	-1	-1	-1	0.0
411	-1	-1	-1	-1	0.0
412	-1	-1	-1	-1	0.0
413	-1	-1	-1	-1	0.0
414	-1	-1	-1	-1	0.0
415	-1	-1	-1	-1	0.0
416	-1	-1	-1	-1	0.0
417	-1	-1	-1	-1	0.0
418	-1	-1	-1	-1	0.0
419	-1	-1	-1	-1	0.0
420	-1	-1	-1	-1	0.0
421	-1	-1	-1	-1	0.0
422	-1	-1	-1	-1	0.0
423	-1	-1	-1	-1	0.0
424	-1	-1	-1	-1	0.0
425	-1	-1	-1	-1	0.0
426	-1	-1	-1	-1	0.0
427	-1	-1	-1	-1	0.0
428	-1	-1	-1	-1	0.0
429	-1	-1	-1	-1	0.0
430	-1	-1	-1	-1	0.0
431	-1	-1	-1	-1	0.0
432	-1	-1	-1	-1	0.0
433	-1	-1	-1	-1	0.0
434	-1	-1	-1	-1	0.0
435	-1	-1	-1	-1	0.0
436	-1	-1	-1	-1	0.0
437	-1	-1	-1	-1	0.0
438	-1	-1	-1	-1	0.0
439	-1	-1	-1	-1	0.0
440	-1	-1	-1	-1	0.0
441	-1	-1	-1	-1	0.0
442	-1	-1	-1	-1	0.0
443	-1	-1	-1	-1	0.0
444	-1	-1	-1	-1	0.0
445	-1	-1	-1	-1	0.0
446	-1	-1	-1	-1	0.0
447	-1	-1	-1	-1	0.0
448	-1	-1	-1	-1	0.0
449	-1	-1	-1	-1	0.0
450	-1	-1	-1	-1	0.0
451	-1	-1	-1	-1	0.0
452	-1	-1	-1	-1	0.0
453	-1	-1	-1	-1	0.0
454	-1	-1	-1	-1	0.0
455	-1	-1	-1	-1	0.0
456	119907	119937	9334	9338	0.24362606232294617
457	-1	-1	-1	-1	0.0
458	-1	-1	-1	-1	0.0
459	-1	-1	-1	-1	0.0
460	-1	-1	-1	-1	0.0
461	-1	-1	-1	-1	0.0
462	-1	-1	-1	-1	0.0
463	-1	-1	-1	-1	0.0
464	-1	-1	-1	-1	0.0
465	-1	-1	-1	-1	0.0
466	-1	-1	-1	-1	0.0
467	-1	-1	-1	-1	0.0
468	-1	-1	-1	-1	0.0
469	-1	-1	-1	-1	0.0
470	-1	-1	-1	-1	0.0
471	-1	-1	-1	-1	0.0
472	-1	-1	-1	-1	0.0
473	-1	-1	-1	-1	0.0
474	-1	-1	-1	-1	0.0
475	-1	-1	-1	-1	0.0
476	-1	-1	-1	-1	0.0
477	-1	-1	-1	-1	0.0
478	-1	-1	-1	-1	0.0
479	-1	-1	-1	-1	0.0
480	-1	-1	-1	-1	0.0
481	-1	-1	-1	-1	0.0
482	-1	-1	-1	-1	0.0
483	-1	-1	-1	-1	0.0
484	-1	-1	-1	-1	0.0
485	-1	-1	-1	-1	0.0
486	-1	-1	-1	-1	0.0
487	-1	-1	-1	-1	0.0
488	-1	-1	-1	-1	0.0
489	-1	-1	-1	-1	0.0
490	-1	-1	-1	-1	0.0
491	-1	-1	-1	-1	0.0
492	-1	-1	-1	-1	0.0
493	-1	-1	-1	-1	0.0
494	127489	127579	9917	9921	0.01932367149758454
495	-1	-1	-1	-1	0.0
496	-1	-1	-1	-1	0.0
497	-1	-1	-1	-1	0.0
498	-1	-1	-1	-1	0.0
499	-1	-1	-1	-1	0.0
500	-1	-1	-1	-1	0.0
501	-1	-1	-1	-1	0.0
502	-1	-1	-1	-1	0.0
503	-1	-1	-1	-1	0.0
504	-1	-1	-1	-1	0.0
505	-1	-1	-1	-1	0.0
506	-1	-1	-1	-1	0.0
507	-1	-1	-1	-1	0.0
508	-1	-1	-1	-1	0.0
509	-1	-1	-1	-1	0.0
510	-1	-1	-1	-1	0.0
511	-1	-1	-1	-1	0.0
512	-1	-1	-1	-1	0.0
513	-1	-1	-1	-1	0.0
514	-1	-1	-1	-1	0.0
515	-1	-1	-1	-1	0.0
516	-1	-1	-1	-1	0.0
517	127550	127580	9921	9921	0.3805970149253731
518	-1	-1	-1	-1	0.0
519	-1	-1	-1	-1	0.0
520	-1	-1	-1	-1	0.0
521	-1	-1	-1	-1	0.0
522	-1	-1	-1	-1	0.0
523	-1	-1	-1	-1	0.0
524	-1	-1	-1	-1	0.0
525	-1	-1	-1	-1	0.0
526	-1	-1	-1	-1	0.0
527	-1	-1	-1	-1	0.0
528	-1	-1	-1	-1	0.0
529	-1	-1	-1	-1	0.0
530	-1	-1	-1	-1	0.0
531	-1	-1	-1	-1	0.0
532	-1	-1	-1	-1	0.0
533	-1	-1	-1	-1	0.0
534	-1	-1	-1	-1	0.0
535	-1	-1	-1	-1	0.0
536	-1	-1	-1	-1	0.0
537	-1	-1	-1	-1	0.0
538	-1	-1	-1	-1	0.0
539	-1	-1	-1	-1	0.0
540	-1	-1	-1	-1	0.0
541	-1	-1	-1	-1	0.0
542	-1	-1	-1	-1	0.0
543	-1	-1	-1	-1	0.0
544	-1	-1	-1	-1	0.0
545	-1	-1	-1	-1	0.0
546	-1	-1	-1	-1	0.0
547	-1	-1	-1	-1	0.0
548	-1	-1	-1	-1	0.0
549	-1	-1	-1	-1	0.0
550	-1	-1	-1	-1	0.0
551	-1	-1	-1	-1	0.0
552	-1	-1	-1	-1	0.0
553	-1	-1	-1	-1	0.0
554	-1	-1	-1	-1	0.0
555	-1	-1	-1	-1	0.0
556	-1	-1	-1	-1	0.0
557	-1	-1	-1	-1	0.0
558	-1	-1	-1	-1	0.0
559	-1	-1	-1	-1	0.0
560	-1	-1	-1	-1	0.0
561	-1	-1	-1	-1	0.0
562	-1	-1	-1	-1	0.0
563	-1	-1	-1	-1	0.0
564	-1	-1	-1	-1	0.0
565	-1	-1	-1	-1	0.0
566	-1	-1	-1	-1	0.0
567	-1	-1	-1	-1	0.0
568	-1	-1	-1	-1	0.0
569	-1	-1	-1	-1	0.0
570	-1	-1	-1	-1	0.0
571	-1	-1	-1	-1	0.0
572	-1	-1	-1	-1	0.0
573	-1	-1	-1	-1	0.0
574	-1	-1	-1	-1	0.0
575	-1	-1	-1	-1	0.0
576	-1	-1	-1	-1	0.0
577	-1	-1	-1	-1	0.0
578	-1	-1	-1	-1	0.0
579	-1	-1	-1	-1	0.0
580	-1	-1	-1	-1	0.0
581	-1	-1	-1	-1	0.0
582	-1	-1	-1	-1	0.0
583	-1	-1	-1	-1	0.0
584	-1	-1	-1	-1	0.0
585	-1	-1	-1	-1	0.0
586	-1	-1	-1	-1	0.0
587	-1	-1	-1	-1	0.0
588	-1	-1	-1	-1	0.0
589	-1	-1	-1	-1	0.0
590	-1	-1	-1	-1	0.0
591	-1	-1	-1	-1	0.0
592	-1	-1	-1	-1	0.0
593	-1	-1	-1	-1	0.0
594	-1	-1	-1	-1	0.0
595	-1	-1	-1	-1	0.0
596	-1	-1	-1	-1	0.0
597	-1	-1	-1	-1	0.0
598	-1	-1	-1	-1	0.0
599	-1	-1	-1	-1	0.0
600	-1	-1	-1	-1	0.0
601	-1	-1	-1	-1	0.0
602	-1	-1	-1	-1	0.0
603	-1	-1	-1	-1	0.0
604	-1	-1	-1	-1	0.0
605	-1	-1	-1	-1	0.0
606	-1	-1	-1	-1	0.0
607	-1	-1	-1	-1	0.0
608	-1	-1	-1	-1	0.0
609	-1	-1	-1	-1	0.0
610	-1	-1	-1	-1	0.0
611	-1	-1	-1	-1	0.0
612	-1	-1	-1	-1	0.0
613	-1	-1	-1	-1	0.0
614	-1	-1	-1	-1	0.0
615	-1	-1	-1	-1	0.0
616	-1	-1	-1	-1	0.0
617	-1	-1	-1	-1	0.0
618	-1	-1	-1	-1	0.0
619	-1	-1	-1	-1	0.0
620	-1	-1	-1	-1	0.0
621	-1	-1	-1	-1	0.0
622	-1	-1	-1	-1	0.0
623	-1	-1	-1	-1	0.0
624	-1	-1	-1	-1	0.0
625	-1	-1	-1	-1	0.0
626	-1	-1	-1	-1	0.0
627	-1	-1	-1	-1	0.0
628	-1	-1	-1	-1	0.0
629	-1	-1	-1	-1	0.0
630	-1	-1	-1	-1	0.0
631	-1	-1	-1	-1	0.0
632	-1	-1	-1	-1	0.0
633	-1	-1	-1	-1	0.0
634	-1	-1	-1	-1	0.0
635	-1	-1	-1	-1	0.0
636	-1	-1	-1	-1	0.0
637	-1	-1	-1	-1	0.0
638	-1	-1	-1	-1	0.0
639	-1	-1	-1	-1	0.0
640	-1	-1	-1	-1	0.0
641	-1	-1	-1	-1	0.0
642	-1	-1	-1	-1	0.0
643	-1	-1	-1	-1	0.0
644	-1	-1	-1	-1	0.0
645	-1	-1	-1	-1	0.0
646	-1	-1	-1	-1	0.0
647	-1	-1	-1	-1	0.0
648	-1	-1	-1	-1	0.0
649	-1	-1	-1	-1	0.0
650	-1	-1	-1	-1	0.0
651	-1	-1	-1	-1	0.0
652	-1	-1	-1	-1	0.0
653	-1	-1	-1	-1	0.0
654	-1	-1	-1	-1	0.0
655	-1	-1	-1	-1	0.0
656	-1	-1	-1	-1	0.0
657	-1	-1	-1	-1	0.0
658	-1	-1	-1	-1	0.0
659	-1	-1	-1	-1	0.0
660	-1	-1	-1	-1	0.0
661	-1	-1	-1	-1	0.0
662	-1	-1	-1	-1	0.0
663	-1	-1	-1	-1	0.0
664	-1	-1	-1	-1	0.0
665	-1	-1	-1	-1	0.0
666	-1	-1	-1	-1	0.0
667	-1	-1	-1	-1	0.0
668	-1	-1	-1	-1	0.0
669	-1	-1	-1	-1	0.0
670	-1	-1	-1	-1	0.0
671	-1	-1	-1	-1	0.0
672	-1	-1	-1	-1	0.0
673	-1	-1	-1	-1	0.0
674	-1	-1	-1	-1	0.0
675	-1	-1	-1	-1	0.0
676	-1	-1	-1	-1	0.0
677	-1	-1	-1	-1	0.0
678	-1	-1	-1	-1	0.0
679	-1	-1	-1	-1	0.0
680	-1	-1	-1	-1	0.0
681	-1	-1	-1	-1	0.0
682	-1	-1	-1	-1	0.0
683	-1	-1	-1	-1	0.0
684	-1	-1	-1	-1	0.0
685	-1	-1	-1	-1	0.0
686	-1	-1	-1	-1	0.0
687	-1	-1	-1	-1	0.0
688	-1	-1	-1	-1	0.0
689	-1	-1	-1	-1	0.0
690	-1	-1	-1	-1	0.0
691	-1	-1	-1	-1	0.0
692	-1	-1	-1	-1	0.0
693	-1	-1	-1	-1	0.0
694	-1	-1	-1	-1	0.0
695	-1	-1	-1	-1	0.0
696	-1	-1	-1	-1	0.0
697	-1	-1	-1	-1	0.0
698	-1	-1	-1	-1	0.0
699	-1	-1	-1	-1	0.0
700	-1	-1	-1	-1	0.0
701	-1	-1	-1	-1	0.0
702	-1	-1	-1	-1	0.0
703	-1	-1	-1	-1	0.0
704	-1	-1	-1	-1	0.0
705	-1	-1	-1	-1	0.0
706	-1	-1	-1	-1	0.0
707	-1	-1	-1	-1	0.0
708	-1	-1	-1	-1	0.0
709	-1	-1	-1	-1	0.0
710	-1	-1	-1	-1	0.0
711	-1	-1	-1	-1	0.0
712	-1	-1	-1	-1	0.0
713	-1	-1	-1	-1	0.0
714	-1	-1	-1	-1	0.0
715	-1	-1	-1	-1	0.0
716	-1	-1	-1	-1	0.0
717	-1	-1	-1	-1	0.0
718	-1	-1	-1	-1	0.0
719	-1	-1	-1	-1	0.0
720	-1	-1	-1	-1	0.0
721	-1	-1	-1	-1	0.0
722	-1	-1	-1	-1	0.0
723	-1	-1	-1	-1	0.0
724	-1	-1	-1	-1	0.0
725	-1	-1	-1	-1	0.0
726	-1	-1	-1	-1	0.0
727	-1	-1	-1	-1	0.0
728	-1	-1	-1	-1	0.0
729	-1	-1	-1	-1	0.0
730	-1	-1	-1	-1	0.0
731	-1	-1	-1	-1	0.0
732	-1	-1	-1	-1	0.0
733	-1	-1	-1	-1	0.0
734	-1	-1	-1	-1	0.0
735	-1	-1	-1	-1	0.0
736	-1	-1	-1	-1	0.0
737	-1	-1	-1	-1	0.0
738	-1	-1	-1	-1	0.0
739	129617	129647	10085	10086	0.4797047970479705
740	-1	-1	-1	-1	0.0
741	-1	-1	-1	-1	0.0
742	-1	-1	-1	-1	0.0
743	-1	-1	-1	-1	0.0
744	-1	-1	-1	-1	0.0
745	-1	-1	-1	-1	0.0
746	-1	-1	-1	-1	0.0
747	-1	-1	-1	-1	0.0
748	-1	-1	-1	-1	0.0
749	-1	-1	-1	-1	0.0
750	-1	-1	-1	-1	0.0
751	-1	-1	-1	-1	0.0
752	-1	-1	-1	-1	0.0
753	-1	-1	-1	-1	0.0
754	-1	-1	-1	-1	0.0
755	-1	-1	-1	-1	0.0
756	-1	-1	-1	-1	0.0
757	-1	-1	-1	-1	0.0
758	-1	-1	-1	-1	0.0
759	-1	-1	-1	-1	0.0
760	-1	-1	-1	-1	0.0
761	-1	-1	-1	-1	0.0
762	-1	-1	-1	-1	0.0
763	-1	-1	-1	-1	0.0
764	-1	-1	-1	-1	0.0
765	-1	-1	-1	-1	0.0
766	-1	-1	-1	-1	0.0
767	-1	-1	-1	-1	0.0
768	-1	-1	-1	-1	0.0
769	-1	-1	-1	-1	0.0
770	-1	-1	-1	-1	0.0
771	-1	-1	-1	-1	0.0
772	-1	-1	-1	-1	0.0
773	-1	-1	-1	-1	0.0
774	-1	-1	-1	-1	0.0
775	-1	-1	-1	-1	0.0
776	-1	-1	-1	-1	0.0
777	-1	-1	-1	-1	0.0
778	-1	-1	-1	-1	0.0
779	-1	-1	-1	-1	0.0
780	-1	-1	-1	-1	0.0
781	-1	-1	-1	-1	0.0
782	-1	-1	-1	-1	0.0
783	-1	-1	-1	-1	0.0
784	-1	-1	-1	-1	0.0
785	-1	-1	-1	-1	0.0
786	-1	-1	-1	-1	0.0
787	-1	-1	-1	-1	0.0
788	-1	-1	-1	-1	0.0
789	-1	-1	-1	-1	0.0
790	-1	-1	-1	-1	0.0
791	-1	-1	-1	-1	0.0
792	-1	-1	-1	-1	0.0
793	-1	-1	-1	-1	0.0
794	-1	-1	-1	-1	0.0
795	-1	-1	-1	-1	0.0
796	-1	-1	-1	-1	0.0
797	-1	-1	-1	-1	0.0
798	-1	-1	-1	-1	0.0
799	-1	-1	-1	-1	0.0
800	-1	-1	-1	-1	0.0
801	-1	-1	-1	-1	0.0
802	-1	-1	-1	-1	0.0
803	-1	-1	-1	-1	0.0
804	-1	-1	-1	-1	0.0
805	-1	-1	-1	-1	0.0
806	-1	-1	-1	-1	0.0
807	-1	-1	-1	-1	0.0
808	-1	-1	-1	-1	0.0
809	-1	-1	-1	-1	0.0
810	-1	-1	-1	-1	0.0
811	-1	-1	-1	-1	0.0
812	-1	-1	-1	-1	0.0
813	-1	-1	-1	-1	0.0
814	-1	-1	-1	-1	0.0
815	-1	-1	-1	-1	0.0
816	-1	-1	-1	-1	0.0
817	-1	-1	-1	-1	0.0
818	-1	-1	-1	-1	0.0
819	-1	-1	-1	-1	0.0
820	-1	-1	-1	-1	0.0
821	-1	-1	-1	-1	0.0
822	-1	-1	-1	-1	0.0
823	-1	-1	-1	-1	0.0
824	-1	-1	-1	-1	0.0
825	-1	-1	-1	-1	0.0
826	-1	-1	-1	-1	0.0
827	-1	-1	-1	-1	0.0
828	-1	-1	-1	-1	0.0
829	-1	-1	-1	-1	0.0
830	-1	-1	-1	-1	0.0
831	-1	-1	-1	-1	0.0
832	-1	-1	-1	-1	0.0
833	-1	-1	-1	-1	0.0
834	-1	-1	-1	-1	0.0
835	-1	-1	-1	-1	0.0
836	-1	-1	-1	-1	0.0
837	-1	-1	-1	-1	0.0
838	-1	-1	-1	-1	0.0
839	-1	-1	-1	-1	0.0
840	-1	-1	-1	-1	0.0
841	-1	-1	-1	-1	0.0
842	-1	-1	-1	-1	0.0
843	-1	-1	-1	-1	0.0
844	-1	-1	-1	-1	0.0
845	-1	-1	-1	-1	0.0
846	-1	-1	-1	-1	0.0
847	-1	-1	-1	-1	0.0
848	-1	-1	-1	-1	0.0
849	-1	-1	-1	-1	0.0
850	-1	-1	-1	-1	0.0
851	-1	-1	-1	-1	0.0
852	-1	-1	-1	-1	0.0
853	130015	130045	10119	10120	0.3611111111111111
854	-1	-1	-1	-1	0.0
855	-1	-1	-1	-1	0.0
856	-1	-1	-1	-1	0.0
857	-1	-1	-1	-1	0.0
858	-1	-1	-1	-1	0.0
859	-1	-1	-1	-1	0.0
860	-1	-1	-1	-1	0.0
861	-1	-1	-1	-1	0.0
862	-1	-1	-1	-1	0.0
863	-1	-1	-1	-1	0.0
864	-1	-1	-1	-1	0.0
865	-1	-1	-1	-1	0.0
866	-1	-1	-1	-1	0.0
867	-1	-1	-1	-1	0.0
868	-1	-1	-1	-1	0.0
869	-1	-1	-1	-1	0.0
870	-1	-1	-1	-1	0.0
871	-1	-1	-1	-1	0.0
872	-1	-1	-1	-1	0.0
873	-1	-1	-1	-1	0.0
874	-1	-1	-1	-1	0.0
875	-1	-1	-1	-1	0.0
876	-1	-1	-1	-1	0.0
877	-1	-1	-1	-1	0.0
878	-1	-1	-1	-1	0.0
879	-1	-1	-1	-1	0.0
880	-1	-1	-1	-1	0.0
881	-1	-1	-1	-1	0.0
882	-1	-1	-1	-1	0.0
883	-1	-1	-1	-1	0.0
884	-1	-1	-1	-1	0.0
885	-1	-1	-1	-1	0.0
886	-1	-1	-1	-1	0.0
887	-1	-1	-1	-1	0.0
888	-1	-1	-1	-1	0.0
889	-1	-1	-1	-1	0.0
890	-1	-1	-1	-1	0.0
891	-1	-1	-1	-1	0.0
892	-1	-1	-1	-1	0.0
893	-1	-1	-1	-1	0.0
894	-1	-1	-1	-1	0.0
895	-1	-1	-1	-1	0.0
896	-1	-1	-1	-1	0.0
897	-1	-1	-1	-1	0.0
898	-1	-1	-1	-1	0.0
899	-1	-1	-1	-1	0.0
900	-1	-1	-1	-1	0.0
901	-1	-1	-1	-1	0.0
902	-1	-1	-1	-1	0.0
903	-1	-1	-1	-1	0.0
904	-1	-1	-1	-1	0.0
905	-1	-1	-1	-1	0.0
906	-1	-1	-1	-1	0.0
907	-1	-1	-1	-1	0.0
908	-1	-1	-1	-1	0.0
909	-1	-1	-1	-1	0.0
910	-1	-1	-1	-1	0.0
911	-1	-1	-1	-1	0.0
912	-1	-1	-1	-1	0.0
913	-1	-1	-1	-1	0.0
914	-1	-1	-1	-1	0.0
915	-1	-1	-1	-1	0.0
916	-1	-1	-1	-1	0.0
917	-1	-1	-1	-1	0.0
918	-1	-1	-1	-1	0.0
919	-1	-1	-1	-1	0.0
920	-1	-1	-1	-1	0.0
921	-1	-1	-1	-1	0.0
922	-1	-1	-1	-1	0.0
923	-1	-1	-1	-1	0.0
924	-1	-1	-1	-1	0.0
925	-1	-1	-1	-1	0.0
926	-1	-1	-1	-1	0.0
927	-1	-1	-1	-1	0.0
928	-1	-1	-1	-1	0.0
929	-1	-1	-1	-1	0.0
930	-1	-1	-1	-1	0.0
931	-1	-1	-1	-1	0.0
932	-1	-1	-1	-1	0.0
933	-1	-1	-1	-1	0.0
934	-1	-1	-1	-1	0.0
935	-1	-1	-1	-1	0.0
936	-1	-1	-1	-1	0.0
937	-1	-1	-1	-1	0.0
938	-1	-1	-1	-1	0.0
939	-1	-1	-1	-1	0.0
940	-1	-1	-1	-1	0.0
941	-1	-1	-1	-1	0.0
942	-1	-1	-1	-1	0.0
943	-1	-1	-1	-1	0.0
944	-1	-1	-1	-1	0.0
945	-1	-1	-1	-1	0.0
946	-1	-1	-1	-1	0.0
947	-1	-1	-1	-1	0.0
948	-1	-1	-1	-1	0.0
949	-1	-1	-1	-1	0.0
950	-1	-1	-1	-1	0.0
951	-1	-1	-1	-1	0.0
952	-1	-1	-1	-1	0.0
953	-1	-1	-1	-1	0.0
954	-1	-1	-1	-1	0.0
955	-1	-1	-1	-1	0.0
956	-1	-1	-1	-1	0.0
957	-1	-1	-1	-1	0.0
958	-1	-1	-1	-1	0.0
959	-1	-1	-1	-1	0.0
960	-1	-1	-1	-1	0.0
961	-1	-1	-1	-1	0.0
962	-1	-1	-1	-1	0.0
963	-1	-1	-1	-1	0.0
964	-1	-1	-1	-1	0.0
965	-1	-1	-1	-1	0.0
966	-1	-1	-1	-1	0.0
967	-1	-1	-1	-1	0.0
968	-1	-1	-1	-1	0.0
969	-1	-1	-1	-1	0.0
970	-1	-1	-1	-1	0.0
971	-1	-1	-1	-1	0.0
972	-1	-1	-1	-1	0.0
973	-1	-1	-1	-1	0.0
974	-1	-1	-1	-1	0.0
975	-1	-1	-1	-1	0.0
976	-1	-1	-1	-1	0.0
977	-1	-1	-1	-1	0.0
978	-1	-1	-1	-1	0.0
979	-1	-1	-1	-1	0.0
980	-1	-1	-1	-1	0.0
981	-1	-1	-1	-1	0.0
982	-1	-1	-1	-1	0.0
983	-1	-1	-1	-1	0.0
984	-1	-1	-1	-1	0.0
985	-1	-1	-1	-1	0.0
986	-1	-1	-1	-1	0.0
987	-1	-1	-1	-1	0.0
988	-1	-1	-1	-1	0.0
989	-1	-1	-1	-1	0.0
990	-1	-1	-1	-1	0.0
991	-1	-1	-1	-1	0.0
992	-1	-1	-1	-1	0.0
993	-1	-1	-1	-1	0.0
994	-1	-1	-1	-1	0.0
995	-1	-1	-1	-1	0.0
996	-1	-1	-1	-1	0.0
997	-1	-1	-1	-1	0.0
998	-1	-1	-1	-1	0.0
999	-1	-1	-1	-1	0.0
1000	-1	-1	-1	-1	0.0
1001	-1	-1	-1	-1	0.0
1002	-1	-1	-1	-1	0.0
1003	-1	-1	-1	-1	0.0
1004	-1	-1	-1	-1	0.0
1005	-1	-1	-1	-1	0.0
1006	-1	-1	-1	-1	0.0
1007	-1	-1	-1	-1	0.0
1008	-1	-1	-1	-1	0.0
1009	-1	-1	-1	-1	0.0
1010	-1	-1	-1	-1	0.0
1011	-1	-1	-1	-1	0.0
1012	-1	-1	-1	-1	0.0
1013	-1	-1	-1	-1	0.0
1014	-1	-1	-1	-1	0.0
1015	-1	-1	-1	-1	0.0
1016	-1	-1	-1	-1	0.0
1017	-1	-1	-1	-1	0.0
1018	-1	-1	-1	-1	0.0
1019	-1	-1	-1	-1	0.0
1020	-1	-1	-1	-1	0.0
1021	-1	-1	-1	-1	0.0
1022	-1	-1	-1	-1	0.0
1023	-1	-1	-1	-1	0.0
1024	-1	-1	-1	-1	0.0
1025	-1	-1	-1	-1	0.0
1026	-1	-1	-1	-1	0.0
1027	-1	-1	-1	-1	0.0
1028	-1	-1	-1	-1	0.0
1029	-1	-1	-1	-1	0.0
1030	-1	-1	-1	-1	0.0
1031	-1	-1	-1	-1	0.0
1032	-1	-1	-1	-1	0.0
1033	-1	-1	-1	-1	0.0
1034	-1	-1	-1	-1	0.0
1035	-1	-1	-1	-1	0.0
1036	-1	-1	-1	-1	0.0
1037	-1	-1	-1	-1	0.0
1038	-1	-1	-1	-1	0.0
1039	-1	-1	-1	-1	0.0
1040	-1	-1	-1	-1	0.0
1041	-1	-1	-1	-1	0.0
1042	-1	-1	-1	-1	0.0
1043	-1	-1	-1	-1	0.0
1044	-1	-1	-1	-1	0.0
1045	-1	-1	-1	-1	0.0
1046	-1	-1	-1	-1	0.0
1047	-1	-1	-1	-1	0.0
1048	-1	-1	-1	-1	0.0
1049	-1	-1	-1	-1	0.0
1050	-1	-1	-1	-1	0.0
1051	-1	-1	-1	-1	0.0
1052	-1	-1	-1	-1	0.0
1053	-1	-1	-1	-1	0.0
1054	-1	-1	-1	-1	0.0
1055	-1	-1	-1	-1	0.0
1056	-1	-1	-1	-1	0.0
1057	-1	-1	-1	-1	0.0
1058	-1	-1	-1	-1	0.0
1059	-1	-1	-1	-1	0.0
1060	-1	-1	-1	-1	0.0
1061	-1	-1	-1	-1	0.0
1062	-1	-1	-1	-1	0.0
1063	-1	-1	-1	-1	0.0
1064	-1	-1	-1	-1	0.0
1065	-1	-1	-1	-1	0.0
1066	-1	-1	-1	-1	0.0
1067	-1	-1	-1	-1	0.0
1068	-1	-1	-1	-1	0.0
1069	-1	-1	-1	-1	0.0
1070	-1	-1	-1	-1	0.0
1071	-1	-1	-1	-1	0.0
1072	-1	-1	-1	-1	0.0
1073	-1	-1	-1	-1	0.0
1074	-1	-1	-1	-1	0.0
1075	-1	-1	-1	-1	0.0
1076	-1	-1	-1	-1	0.0
1077	-1	-1	-1	-1	0.0
1078	-1	-1	-1	-1	0.0
1079	-1	-1	-1	-1	0.0
1080	-1	-1	-1	-1	0.0
1081	-1	-1	-1	-1	0.0
1082	-1	-1	-1	-1	0.0
1083	-1	-1	-1	-1	0.0
1084	-1	-1	-1	-1	0.0
1085	-1	-1	-1	-1	0.0
1086	-1	-1	-1	-1	0.0
1087	-1	-1	-1	-1	0.0
1088	-1	-1	-1	-1	0.0
1089	-1	-1	-1	-1	0.0
1090	-1	-1	-1	-1	0.0
1091	-1	-1	-1	-1	0.0
1092	-1	-1	-1	-1	0.0
1093	-1	-1	-1	-1	0.0
1094	-1	-1	-1	-1	0.0
1095	-1	-1	-1	-1	0.0
1096	-1	-1	-1	-1	0.0
1097	-1	-1	-1	-1	0.0
1098	-1	-1	-1	-1	0.0
1099	-1	-1	-1	-1	0.0
1100	-1	-1	-1	-1	0.0
1101	-1	-1	-1	-1	0.0
1102	-1	-1	-1	-1	0.0
1103	-1	-1	-1	-1	0.0
1104	-1	-1	-1	-1	0.0
1105	-1	-1	-1	-1	0.0
1106	-1	-1	-1	-1	0.0
1107	-1	-1	-1	-1	0.0
1108	-1	-1	-1	-1	0.0
1109	-1	-1	-1	-1	0.0
1110	-1	-1	-1	-1	0.0
1111	-1	-1	-1	-1	0.0
1112	-1	-1	-1	-1	0.0
1113	-1	-1	-1	-1	0.0
1114	-1	-1	-1	-1	0.0
1115	-1	-1	-1	-1	0.0
1116	-1	-1	-1	-1	0.0
1117	-1	-1	-1	-1	0.0
1118	-1	-1	-1	-1	0.0
1119	-1	-1	-1	-1	0.0
1120	-1	-1	-1	-1	0.0
1121	-1	-1	-1	-1	0.0
1122	-1	-1	-1	-1	0.0
1123	-1	-1	-1	-1	0.0
1124	-1	-1	-1	-1	0.0
1125	-1	-1	-1	-1	0.0
1126	-1	-1	-1	-1	0.0
1127	-1	-1	-1	-1	0.0
1128	-1	-1	-1	-1	0.0
1129	-1	-1	-1	-1	0.0
1130	-1	-1	-1	-1	0.0
1131	-1	-1	-1	-1	0.0
1132	-1	-1	-1	-1	0.0
1133	-1	-1	-1	-1	0.0
1134	-1	-1	-1	-1	0.0
1135	-1	-1	-1	-1	0.0
1136	-1	-1	-1	-1	0.0
1137	-1	-1	-1	-1	0.0
1138	-1	-1	-1	-1	0.0
1139	-1	-1	-1	-1	0.0
1140	-1	-1	-1	-1	0.0
1141	-1	-1	-1	-1	0.0
1142	-1	-1	-1	-1	0.0
1143	-1	-1	-1	-1	0.0
1144	-1	-1	-1	-1	0.0
1145	-1	-1	-1	-1	0.0
1146	-1	-1	-1	-1	0.0
1147	-1	-1	-1	-1	0.0
1148	-1	-1	-1	-1	0.0
1149	-1	-1	-1	-1	0.0
1150	-1	-1	-1	-1	0.0
1151	-1	-1	-1	-1	0.0
1152	-1	-1	-1	-1	0.0
1153	-1	-1	-1	-1	0.0
1154	-1	-1	-1	-1	0.0
1155	-1	-1	-1	-1	0.0
1156	-1	-1	-1	-1	0.0
1157	-1	-1	-1	-1	0.0
1158	-1	-1	-1	-1	0.0
1159	-1	-1	-1	-1	0.0
1160	-1	-1	-1	-1	0.0
1161	-1	-1	-1	-1	0.0
1162	-1	-1	-1	-1	0.0
1163	-1	-1	-1	-1	0.0
1164	-1	-1	-1	-1	0.0
1165	-1	-1	-1	-1	0.0
1166	-1	-1	-1	-1	0.0
1167	-1	-1	-1	-1	0.0
1168	-1	-1	-1	-1	0.0
1169	-1	-1	-1	-1	0.0
1170	-1	-1	-1	-1	0.0
1171	-1	-1	-1	-1	0.0
1172	-1	-1	-1	-1	0.0
1173	-1	-1	-1	-1	0.0
1174	-1	-1	-1	-1	0.0
1175	-1	-1	-1	-1	0.0
1176	-1	-1	-1	-1	0.0
1177	-1	-1	-1	-1	0.0
1178	-1	-1	-1	-1	0.0
1179	-1	-1	-1	-1	0.0
1180	-1	-1	-1	-1	0.0
1181	-1	-1	-1	-1	0.0
1182	-1	-1	-1	-1	0.0
1183	-1	-1	-1	-1	0.0
1184	-1	-1	-1	-1	0.0
1185	-1	-1	-1	-1	0.0
1186	-1	-1	-1	-1	0.0
1187	-1	-1	-1	-1	0.0
1188	-1	-1	-1	-1	0.0
1189	-1	-1	-1	-1	0.0
1190	-1	-1	-1	-1	0.0
1191	-1	-1	-1	-1	0.0
1192	-1	-1	-1	-1	0.0
1193	-1	-1	-1	-1	0.0
1194	-1	-1	-1	-1	0.0
1195	-1	-1	-1	-1	0.0
1196	-1	-1	-1	-1	0.0
1197	-1	-1	-1	-1	0.0
1198	-1	-1	-1	-1	0.0
1199	-1	-1	-1	-1	0.0
1200	-1	-1	-1	-1	0.0
1201	-1	-1	-1	-1	0.0
1202	-1	-1	-1	-1	0.0
1203	-1	-1	-1	-1	0.0
1204	-1	-1	-1	-1	0.0
1205	-1	-1	-1	-1	0.0
1206	-1	-1	-1	-1	0.0
1207	-1	-1	-1	-1	0.0
1208	-1	-1	-1	-1	0.0
1209	-1	-1	-1	-1	0.0
1210	-1	-1	-1	-1	0.0
1211	-1	-1	-1	-1	0.0
1212	-1	-1	-1	-1	0.0
1213	-1	-1	-1	-1	0.0
1214	-1	-1	-1	-1	0.0
1215	-1	-1	-1	-1	0.0
1216	-1	-1	-1	-1	0.0
1217	-1	-1	-1	-1	0.0
1218	-1	-1	-1	-1	0.0
1219	-1	-1	-1	-1	0.0
1220	-1	-1	-1	-1	0.0
1221	-1	-1	-1	-1	0.0
1222	-1	-1	-1	-1	0.0
1223	-1	-1	-1	-1	0.0
1224	-1	-1	-1	-1	0.0
1225	-1	-1	-1	-1	0.0
1226	-1	-1	-1	-1	0.0
1227	-1	-1	-1	-1	0.0
1228	-1	-1	-1	-1	0.0
1229	-1	-1	-1	-1	0.0
1230	-1	-1	-1	-1	0.0
1231	-1	-1	-1	-1	0.0
1232	-1	-1	-1	-1	0.0
1233	-1	-1	-1	-1	0.0
1234	-1	-1	-1	-1	0.0
1235	-1	-1	-1	-1	0.0
1236	-1	-1	-1	-1	0.0
1237	-1	-1	-1	-1	0.0
1238	-1	-1	-1	-1	0.0
1239	-1	-1	-1	-1	0.0
1240	-1	-1	-1	-1	0.0
1241	-1	-1	-1	-1	0.0
1242	-1	-1	-1	-1	0.0
1243	-1	-1	-1	-1	0.0
1244	-1	-1	-1	-1	0.0
1245	-1	-1	-1	-1	0.0
1246	-1	-1	-1	-1	0.0
1247	-1	-1	-1	-1	0.0
1248	-1	-1	-1	-1	0.0
1249	-1	-1	-1	-1	0.0
1250	-1	-1	-1	-1	0.0
1251	-1	-1	-1	-1	0.0
1252	-1	-1	-1	-1	0.0
1253	-1	-1	-1	-1	0.0
1254	-1	-1	-1	-1	0.0
1255	-1	-1	-1	-1	0.0
1256	-1	-1	-1	-1	0.0
1257	-1	-1	-1	-1	0.0
1258	-1	-1	-1	-1	0.0
1259	-1	-1	-1	-1	0.0
1260	-1	-1	-1	-1	0.0
1261	-1	-1	-1	-1	0.0
1262	-1	-1	-1	-1	0.0
1263	-1	-1	-1	-1	0.0
1264	-1	-1	-1	-1	0.0
1265	-1	-1	-1	-1	0.0
1266	-1	-1	-1	-1	0.0
1267	-1	-1	-1	-1	0.0
1268	-1	-1	-1	-1	0.0
1269	-1	-1	-1	-1	0.0
1270	-1	-1	-1	-1	0.0
1271	-1	-1	-1	-1	0.0
1272	-1	-1	-1	-1	0.0
1273	-1	-1	-1	-1	0.0
1274	-1	-1	-1	-1	0.0
1275	-1	-1	-1	-1	0.0
1276	-1	-1	-1	-1	0.0
1277	-1	-1	-1	-1	0.0
1278	-1	-1	-1	-1	0.0
1279	-1	-1	-1	-1	0.0
1280	-1	-1	-1	-1	0.0
1281	-1	-1	-1	-1	0.0
1282	-1	-1	-1	-1	0.0
1283	-1	-1	-1	-1	0.0
1284	-1	-1	-1	-1	0.0
1285	-1	-1	-1	-1	0.0
1286	-1	-1	-1	-1	0.0
1287	-1	-1	-1	-1	0.0
1288	-1	-1	-1	-1	0.0
1289	-1	-1	-1	-1	0.0
1290	-1	-1	-1	-1	0.0
1291	-1	-1	-1	-1	0.0
1292	-1	-1	-1	-1	0.0
1293	-1	-1	-1	-1	0.0
1294	-1	-1	-1	-1	0.0
1295	-1	-1	-1	-1	0.0
1296	-1	-1	-1	-1	0.0
1297	-1	-1	-1	-1	0.0
1298	-1	-1	-1	-1	0.0
1299	-1	-1	-1	-1	0.0
1300	-1	-1	-1	-1	0.0
1301	-1	-1	-1	-1	0.0
1302	-1	-1	-1	-1	0.0
1303	-1	-1	-1	-1	0.0
1304	-1	-1	-1	-1	0.0
1305	-1	-1	-1	-1	0.0
1306	-1	-1	-1	-1	0.0
1307	-1	-1	-1	-1	0.0
1308	-1	-1	-1	-1	0.0
1309	-1	-1	-1	-1	0.0
1310	-1	-1	-1	-1	0.0
1311	-1	-1	-1	-1	0.0
1312	-1	-1	-1	-1	0.0
1313	-1	-1	-1	-1	0.0
1314	-1	-1	-1	-1	0.0
1315	-1	-1	-1	-1	0.0
1316	-1	-1	-1	-1	0.0
1317	-1	-1	-1	-1	0.0
1318	-1	-1	-1	-1	0.0
1319	-1	-1	-1	-1	0.0
1320	-1	-1	-1	-1	0.0
1321	-1	-1	-1	-1	0.0
1322	-1	-1	-1	-1	0.0
1323	-1	-1	-1	-1	0.0
1324	-1	-1	-1	-1	0.0
1325	-1	-1	-1	-1	0.0
1326	-1	-1	-1	-1	0.0
1327	-1	-1	-1	-1	0.0
1328	-1	-1	-1	-1	0.0
1329	-1	-1	-1	-1	0.0
1330	-1	-1	-1	-1	0.0
1331	-1	-1	-1	-1	0.0
1332	-1	-1	-1	-1	0.0
1333	-1	-1	-1	-1	0.0
1334	-1	-1	-1	-1	0.0
1335	-1	-1	-1	-1	0.0
1336	-1	-1	-1	-1	0.0
1337	-1	-1	-1	-1	0.0
1338	-1	-1	-1	-1	0.0
1339	-1	-1	-1	-1	0.0
1340	-1	-1	-1	-1	0.0
1341	-1	-1	-1	-1	0.0
1342	-1	-1	-1	-1	0.0
1343	-1	-1	-1	-1	0.0
1344	-1	-1	-1	-1	0.0
1345	-1	-1	-1	-1	0.0
1346	-1	-1	-1	-1	0.0
1347	-1	-1	-1	-1	0.0
1348	-1	-1	-1	-1	0.0
1349	-1	-1	-1	-1	0.0
1350	-1	-1	-1	-1	0.0
1351	-1	-1	-1	-1	0.0
1352	-1	-1	-1	-1	0.0
1353	-1	-1	-1	-1	0.0
1354	-1	-1	-1	-1	0.0
1355	-1	-1	-1	-1	0.0
1356	-1	-1	-1	-1	0.0
1357	-1	-1	-1	-1	0.0
1358	-1	-1	-1	-1	0.0
1359	-1	-1	-1	-1	0.0
1360	-1	-1	-1	-1	0.0
1361	-1	-1	-1	-1	0.0
1362	-1	-1	-1	-1	0.0
1363	-1	-1	-1	-1	0.0
1364	-1	-1	-1	-1	0.0
1365	-1	-1	-1	-1	0.0
1366	-1	-1	-1	-1	0.0
1367	-1	-1	-1	-1	0.0
1368	-1	-1	-1	-1	0.0
1369	-1	-1	-1	-1	0.0
1370	-1	-1	-1	-1	0.0
1371	-1	-1	-1	-1	0.0
1372	-1	-1	-1	-1	0.0
1373	-1	-1	-1	-1	0.0
1374	-1	-1	-1	-1	0.0
1375	-1	-1	-1	-1	0.0
1376	-1	-1	-1	-1	0.0
1377	-1	-1	-1	-1	0.0
1378	-1	-1	-1	-1	0.0
1379	-1	-1	-1	-1	0.0
1380	-1	-1	-1	-1	0.0
1381	-1	-1	-1	-1	0.0
1382	-1	-1	-1	-1	0.0
1383	-1	-1	-1	-1	0.0
1384	-1	-1	-1	-1	0.0
1385	-1	-1	-1	-1	0.0
1386	-1	-1	-1	-1	0.0
1387	-1	-1	-1	-1	0.0
1388	-1	-1	-1	-1	0.0
1389	-1	-1	-1	-1	0.0
1390	-1	-1	-1	-1	0.0
1391	-1	-1	-1	-1	0.0
1392	-1	-1	-1	-1	0.0
1393	-1	-1	-1	-1	0.0
1394	-1	-1	-1	-1	0.0
1395	-1	-1	-1	-1	0.0
1396	-1	-1	-1	-1	0.0
1397	-1	-1	-1	-1	0.0
1398	-1	-1	-1	-1	0.0
1399	-1	-1	-1	-1	0.0
1400	-1	-1	-1	-1	0.0
1401	-1	-1	-1	-1	0.0
1402	-1	-1	-1	-1	0.0
1403	-1	-1	-1	-1	0.0
1404	-1	-1	-1	-1	0.0
1405	-1	-1	-1	-1	0.0
1406	-1	-1	-1	-1	0.0
1407	-1	-1	-1	-1	0.0
1408	-1	-1	-1	-1	0.0
1409	-1	-1	-1	-1	0.0
1410	-1	-1	-1	-1	0.0
1411	-1	-1	-1	-1	0.0
1412	-1	-1	-1	-1	0.0
1413	-1	-1	-1	-1	0.0
1414	-1	-1	-1	-1	0.0
1415	-1	-1	-1	-1	0.0
1416	-1	-1	-1	-1	0.0
1417	-1	-1	-1	-1	0.0
1418	-1	-1	-1	-1	0.0
1419	-1	-1	-1	-1	0.0
1420	-1	-1	-1	-1	0.0
1421	-1	-1	-1	-1	0.0
1422	-1	-1	-1	-1	0.0
1423	-1	-1	-1	-1	0.0
1424	-1	-1	-1	-1	0.0
1425	-1	-1	-1	-1	0.0
1426	-1	-1	-1	-1	0.0
1427	-1	-1	-1	-1	0.0
1428	-1	-1	-1	-1	0.0
1429	-1	-1	-1	-1	0.0
1430	-1	-1	-1	-1	0.0
1431	-1	-1	-1	-1	0.0
1432	-1	-1	-1	-1	0.0
1433	-1	-1	-1	-1	0.0
1434	-1	-1	-1	-1	0.0
1435	-1	-1	-1	-1	0.0
1436	-1	-1	-1	-1	0.0
1437	-1	-1	-1	-1	0.0
1438	-1	-1	-1	-1	0.0
1439	-1	-1	-1	-1	0.0
1440	-1	-1	-1	-1	0.0
1441	-1	-1	-1	-1	0.0
1442	-1	-1	-1	-1	0.0
1443	-1	-1	-1	-1	0.0
1444	-1	-1	-1	-1	0.0
1445	-1	-1	-1	-1	0.0
1446	-1	-1	-1	-1	0.0
1447	-1	-1	-1	-1	0.0
1448	-1	-1	-1	-1	0.0
1449	-1	-1	-1	-1	0.0
1450	-1	-1	-1	-1	0.0
1451	-1	-1	-1	-1	0.0
1452	-1	-1	-1	-1	0.0
1453	-1	-1	-1	-1	0.0
1454	-1	-1	-1	-1	0.0
1455	-1	-1	-1	-1	0.0
1456	-1	-1	-1	-1	0.0
1457	-1	-1	-1	-1	0.0
1458	-1	-1	-1	-1	0.0
1459	-1	-1	-1	-1	0.0
1460	-1	-1	-1	-1	0.0
1461	-1	-1	-1	-1	0.0
1462	-1	-1	-1	-1	0.0
1463	-1	-1	-1	-1	0.0
1464	-1	-1	-1	-1	0.0
1465	-1	-1	-1	-1	0.0
1466	-1	-1	-1	-1	0.0
1467	-1	-1	-1	-1	0.0
1468	-1	-1	-1	-1	0.0
1469	-1	-1	-1	-1	0.0
1470	-1	-1	-1	-1	0.0
1471	-1	-1	-1	-1	0.0
1472	-1	-1	-1	-1	0.0
1473	-1	-1	-1	-1	0.0
1474	-1	-1	-1	-1	0.0
1475	-1	-1	-1	-1	0.0
1476	-1	-1	-1	-1	0.0
1477	-1	-1	-1	-1	0.0
1478	-1	-1	-1	-1	0.0
1479	-1	-1	-1	-1	0.0
1480	-1	-1	-1	-1	0.0
1481	-1	-1	-1	-1	0.0
1482	-1	-1	-1	-1	0.0
1483	-1	-1	-1	-1	0.0
1484	-1	-1	-1	-1	0.0
1485	-1	-1	-1	-1	0.0
1486	-1	-1	-1	-1	0.0
1487	-1	-1	-1	-1	0.0
1488	-1	-1	-1	-1	0.0
1489	-1	-1	-1	-1	0.0
1490	-1	-1	-1	-1	0.0
1491	-1	-1	-1	-1	0.0
1492	-1	-1	-1	-1	0.0
1493	-1	-1	-1	-1	0.0
1494	-1	-1	-1	-1	0.0
1495	-1	-1	-1	-1	0.0
1496	-1	-1	-1	-1	0.0
1497	-1	-1	-1	-1	0.0
1498	-1	-1	-1	-1	0.0
1499	-1	-1	-1	-1	0.0
1500	-1	-1	-1	-1	0.0
1501	-1	-1	-1	-1	0.0
1502	-1	-1	-1	-1	0.0
1503	-1	-1	-1	-1	0.0
1504	-1	-1	-1	-1	0.0
1505	-1	-1	-1	-1	0.0
1506	-1	-1	-1	-1	0.0
1507	-1	-1	-1	-1	0.0
1508	-1	-1	-1	-1	0.0
1509	-1	-1	-1	-1	0.0
1510	-1	-1	-1	-1	0.0
1511	-1	-1	-1	-1	0.0
1512	-1	-1	-1	-1	0.0
1513	-1	-1	-1	-1	0.0
1514	-1	-1	-1	-1	0.0
1515	-1	-1	-1	-1	0.0
1516	-1	-1	-1	-1	0.0
1517	-1	-1	-1	-1	0.0
1518	-1	-1	-1	-1	0.0
1519	-1	-1	-1	-1	0.0
1520	-1	-1	-1	-1	0.0
1521	-1	-1	-1	-1	0.0
1522	-1	-1	-1	-1	0.0
1523	-1	-1	-1	-1	0.0
1524	-1	-1	-1	-1	0.0
1525	-1	-1	-1	-1	0.0
1526	-1	-1	-1	-1	0.0
1527	-1	-1	-1	-1	0.0
1528	-1	-1	-1	-1	0.0
1529	-1	-1	-1	-1	0.0
1530	-1	-1	-1	-1	0.0
1531	-1	-1	-1	-1	0.0
1532	-1	-1	-1	-1	0.0
1533	-1	-1	-1	-1	0.0
1534	-1	-1	-1	-1	0.0
1535	-1	-1	-1	-1	0.0
1536	-1	-1	-1	-1	0.0
1537	-1	-1	-1	-1	0.0
1538	-1	-1	-1	-1	0.0
1539	-1	-1	-1	-1	0.0
1540	-1	-1	-1	-1	0.0
1541	-1	-1	-1	-1	0.0
1542	-1	-1	-1	-1	0.0
1543	-1	-1	-1	-1	0.0
1544	-1	-1	-1	-1	0.0
1545	-1	-1	-1	-1	0.0
1546	-1	-1	-1	-1	0.0
1547	-1	-1	-1	-1	0.0
1548	-1	-1	-1	-1	0.0
1549	-1	-1	-1	-1	0.0
1550	-1	-1	-1	-1	0.0
1551	-1	-1	-1	-1	0.0
1552	-1	-1	-1	-1	0.0
1553	-1	-1	-1	-1	0.0
1554	-1	-1	-1	-1	0.0
1555	-1	-1	-1	-1	0.0
1556	-1	-1	-1	-1	0.0
1557	-1	-1	-1	-1	0.0
1558	-1	-1	-1	-1	0.0
1559	-1	-1	-1	-1	0.0
1560	-1	-1	-1	-1	0.0
1561	-1	-1	-1	-1	0.0
1562	-1	-1	-1	-1	0.0
1563	-1	-1	-1	-1	0.0
1564	-1	-1	-1	-1	0.0
1565	-1	-1	-1	-1	0.0
1566	-1	-1	-1	-1	0.0
1567	-1	-1	-1	-1	0.0
1568	-1	-1	-1	-1	0.0
1569	-1	-1	-1	-1	0.0
1570	-1	-1	-1	-1	0.0
1571	-1	-1	-1	-1	0.0
1572	-1	-1	-1	-1	0.0
1573	-1	-1	-1	-1	0.0
1574	-1	-1	-1	-1	0.0
1575	-1	-1	-1	-1	0.0
1576	-1	-1	-1	-1	0.0
1577	-1	-1	-1	-1	0.0
1578	-1	-1	-1	-1	0.0
1579	-1	-1	-1	-1	0.0
1580	-1	-1	-1	-1	0.0
1581	-1	-1	-1	-1	0.0
1582	-1	-1	-1	-1	0.0
1583	-1	-1	-1	-1	0.0
1584	-1	-1	-1	-1	0.0
1585	-1	-1	-1	-1	0.0
1586	-1	-1	-1	-1	0.0
1587	-1	-1	-1	-1	0.0
1588	-1	-1	-1	-1	0.0
1589	-1	-1	-1	-1	0.0
1590	-1	-1	-1	-1	0.0
1591	-1	-1	-1	-1	0.0
1592	-1	-1	-1	-1	0.0
1593	-1	-1	-1	-1	0.0
1594	-1	-1	-1	-1	0.0
1595	-1	-1	-1	-1	0.0
1596	-1	-1	-1	-1	0.0
1597	-1	-1	-1	-1	0.0
1598	-1	-1	-1	-1	0.0
1599	-1	-1	-1	-1	0.0
1600	-1	-1	-1	-1	0.0
1601	-1	-1	-1	-1	0.0
1602	-1	-1	-1	-1	0.0
1603	-1	-1	-1	-1	0.0
1604	-1	-1	-1	-1	0.0
1605	-1	-1	-1	-1	0.0
1606	-1	-1	-1	-1	0.0
1607	-1	-1	-1	-1	0.0
1608	-1	-1	-1	-1	0.0
1609	-1	-1	-1	-1	0.0
1610	-1	-1	-1	-1	0.0
1611	-1	-1	-1	-1	0.0
1612	-1	-1	-1	-1	0.0
1613	-1	-1	-1	-1	0.0
1614	-1	-1	-1	-1	0.0
1615	-1	-1	-1	-1	0.0
1616	-1	-1	-1	-1	0.0
1617	-1	-1	-1	-1	0.0
1618	-1	-1	-1	-1	0.0
1619	-1	-1	-1	-1	0.0
1620	-1	-1	-1	-1	0.0
1621	-1	-1	-1	-1	0.0
1622	-1	-1	-1	-1	0.0
1623	-1	-1	-1	-1	0.0
1624	-1	-1	-1	-1	0.0
1625	-1	-1	-1	-1	0.0
1626	-1	-1	-1	-1	0.0
1627	-1	-1	-1	-1	0.0
1628	-1	-1	-1	-1	0.0
1629	-1	-1	-1	-1	0.0
1630	-1	-1	-1	-1	0.0
1631	-1	-1	-1	-1	0.0
1632	-1	-1	-1	-1	0.0
1633	-1	-1	-1	-1	0.0
1634	-1	-1	-1	-1	0.0
1635	-1	-1	-1	-1	0.0
1636	-1	-1	-1	-1	0.0
1637	-1	-1	-1	-1	0.0
1638	-1	-1	-1	-1	0.0
1639	-1	-1	-1	-1	0.0
1640	-1	-1	-1	-1	0.0
1641	-1	-1	-1	-1	0.0
1642	-1	-1	-1	-1	0.0
1643	-1	-1	-1	-1	0.0
1644	-1	-1	-1	-1	0.0
1645	-1	-1	-1	-1	0.0
1646	-1	-1	-1	-1	0.0
1647	-1	-1	-1	-1	0.0
1648	-1	-1	-1	-1	0.0
1649	-1	-1	-1	-1	0.0
1650	-1	-1	-1	-1	0.0
1651	-1	-1	-1	-1	0.0
1652	-1	-1	-1	-1	0.0
1653	-1	-1	-1	-1	0.0
1654	-1	-1	-1	-1	0.0
1655	-1	-1	-1	-1	0.0
1656	-1	-1	-1	-1	0.0
1657	-1	-1	-1	-1	0.0
1658	-1	-1	-1	-1	0.0
1659	-1	-1	-1	-1	0.0
1660	-1	-1	-1	-1	0.0
1661	-1	-1	-1	-1	0.0
1662	-1	-1	-1	-1	0.0
1663	-1	-1	-1	-1	0.0
1664	-1	-1	-1	-1	0.0
1665	-1	-1	-1	-1	0.0
1666	-1	-1	-1	-1	0.0
1667	-1	-1	-1	-1	0.0
1668	-1	-1	-1	-1	0.0
1669	-1	-1	-1	-1	0.0
1670	-1	-1	-1	-1	0.0
1671	-1	-1	-1	-1	0.0
1672	-1	-1	-1	-1	0.0
1673	-1	-1	-1	-1	0.0
1674	-1	-1	-1	-1	0.0
1675	-1	-1	-1	-1	0.0
1676	-1	-1	-1	-1	0.0
1677	-1	-1	-1	-1	0.0
1678	-1	-1	-1	-1	0.0
1679	-1	-1	-1	-1	0.0
1680	-1	-1	-1	-1	0.0
1681	-1	-1	-1	-1	0.0
1682	-1	-1	-1	-1	0.0
1683	-1	-1	-1	-1	0.0
1684	-1	-1	-1	-1	0.0
1685	-1	-1	-1	-1	0.0
1686	-1	-1	-1	-1	0.0
1687	-1	-1	-1	-1	0.0
1688	-1	-1	-1	-1	0.0
1689	-1	-1	-1	-1	0.0
1690	-1	-1	-1	-1	0.0
1691	-1	-1	-1	-1	0.0
1692	-1	-1	-1	-1	0.0
1693	-1	-1	-1	-1	0.0
1694	-1	-1	-1	-1	0.0
1695	-1	-1	-1	-1	0.0
1696	-1	-1	-1	-1	0.0
1697	-1	-1	-1	-1	0.0
1698	-1	-1	-1	-1	0.0
1699	-1	-1	-1	-1	0.0
1700	-1	-1	-1	-1	0.0
1701	-1	-1	-1	-1	0.0
1702	-1	-1	-1	-1	0.0
1703	-1	-1	-1	-1	0.0
1704	-1	-1	-1	-1	0.0
1705	-1	-1	-1	-1	0.0
1706	-1	-1	-1	-1	0.0
1707	-1	-1	-1	-1	0.0
1708	-1	-1	-1	-1	0.0
1709	-1	-1	-1	-1	0.0
1710	-1	-1	-1	-1	0.0
1711	-1	-1	-1	-1	0.0
1712	-1	-1	-1	-1	0.0
1713	-1	-1	-1	-1	0.0
1714	-1	-1	-1	-1	0.0
1715	-1	-1	-1	-1	0.0
1716	-1	-1	-1	-1	0.0
1717	-1	-1	-1	-1	0.0
1718	-1	-1	-1	-1	0.0
1719	-1	-1	-1	-1	0.0
1720	-1	-1	-1	-1	0.0
1721	-1	-1	-1	-1	0.0
1722	-1	-1	-1	-1	0.0
1723	-1	-1	-1	-1	0.0
1724	-1	-1	-1	-1	0.0
1725	-1	-1	-1	-1	0.0
1726	-1	-1	-1	-1	0.0
1727	-1	-1	-1	-1	0.0
1728	-1	-1	-1	-1	0.0
1729	-1	-1	-1	-1	0.0
1730	-1	-1	-1	-1	0.0
1731	-1	-1	-1	-1	0.0
1732	-1	-1	-1	-1	0.0
1733	-1	-1	-1	-1	0.0
1734	-1	-1	-1	-1	0.0
1735	-1	-1	-1	-1	0.0
1736	-1	-1	-1	-1	0.0
1737	-1	-1	-1	-1	0.0
1738	-1	-1	-1	-1	0.0
1739	-1	-1	-1	-1	0.0
1740	-1	-1	-1	-1	0.0
1741	-1	-1	-1	-1	0.0
1742	-1	-1	-1	-1	0.0
1743	-1	-1	-1	-1	0.0
1744	-1	-1	-1	-1	0.0
1745	-1	-1	-1	-1	0.0
1746	-1	-1	-1	-1	0.0
1747	-1	-1	-1	-1	0.0
1748	-1	-1	-1	-1	0.0
1749	-1	-1	-1	-1	0.0
1750	-1	-1	-1	-1	0.0
1751	-1	-1	-1	-1	0.0
1752	-1	-1	-1	-1	0.0
1753	-1	-1	-1	-1	0.0
1754	-1	-1	-1	-1	0.0
1755	-1	-1	-1	-1	0.0
1756	-1	-1	-1	-1	0.0
1757	-1	-1	-1	-1	0.0
1758	-1	-1	-1	-1	0.0
1759	-1	-1	-1	-1	0.0
1760	-1	-1	-1	-1	0.0
1761	-1	-1	-1	-1	0.0
1762	-1	-1	-1	-1	0.0
1763	-1	-1	-1	-1	0.0
1764	-1	-1	-1	-1	0.0
1765	-1	-1	-1	-1	0.0
1766	-1	-1	-1	-1	0.0
1767	-1	-1	-1	-1	0.0
1768	-1	-1	-1	-1	0.0
1769	-1	-1	-1	-1	0.0
1770	-1	-1	-1	-1	0.0
1771	-1	-1	-1	-1	0.0
1772	-1	-1	-1	-1	0.0
1773	-1	-1	-1	-1	0.0
1774	-1	-1	-1	-1	0.0
1775	-1	-1	-1	-1	0.0
1776	-1	-1	-1	-1	0.0
1777	-1	-1	-1	-1	0.0
1778	-1	-1	-1	-1	0.0
1779	-1	-1	-1	-1	0.0
1780	-1	-1	-1	-1	0.0
1781	-1	-1	-1	-1	0.0
1782	-1	-1	-1	-1	0.0
1783	-1	-1	-1	-1	0.0
1784	-1	-1	-1	-1	0.0
1785	-1	-1	-1	-1	0.0
1786	-1	-1	-1	-1	0.0
1787	-1	-1	-1	-1	0.0
1788	-1	-1	-1	-1	0.0
1789	-1	-1	-1	-1	0.0
1790	-1	-1	-1	-1	0.0
1791	-1	-1	-1	-1	0.0
1792	-1	-1	-1	-1	0.0
1793	-1	-1	-1	-1	0.0
1794	-1	-1	-1	-1	0.0
1795	-1	-1	-1	-1	0.0
1796	-1	-1	-1	-1	0.0
1797	-1	-1	-1	-1	0.0
1798	-1	-1	-1	-1	0.0
1799	-1	-1	-1	-1	0.0
1800	-1	-1	-1	-1	0.0
1801	-1	-1	-1	-1	0.0
1802	-1	-1	-1	-1	0.0
1803	-1	-1	-1	-1	0.0
1804	-1	-1	-1	-1	0.0
1805	-1	-1	-1	-1	0.0
1806	-1	-1	-1	-1	0.0
1807	-1	-1	-1	-1	0.0
1808	-1	-1	-1	-1	0.0
1809	-1	-1	-1	-1	0.0
1810	-1	-1	-1	-1	0.0
1811	-1	-1	-1	-1	0.0
1812	-1	-1	-1	-1	0.0
1813	-1	-1	-1	-1	0.0
1814	-1	-1	-1	-1	0.0
1815	-1	-1	-1	-1	0.0
1816	-1	-1	-1	-1	0.0
1817	-1	-1	-1	-1	0.0
1818	-1	-1	-1	-1	0.0
1819	-1	-1	-1	-1	0.0
1820	-1	-1	-1	-1	0.0
1821	-1	-1	-1	-1	0.0
1822	-1	-1	-1	-1	0.0
1823	-1	-1	-1	-1	0.0
1824	-1	-1	-1	-1	0.0
1825	-1	-1	-1	-1	0.0
